,physician_name,physician_uuid,physician_username,physician_password,center_name,center_uuid
0,Dr. Kate Johnston,0fc2f49a-10d5-4e22-a2fb-0e6260d711f1,kate_johnston,reiciendis_inventore_error,center_8,fb796cf7-279b-46db-8c91-3acc37b7de40
1,Dr. Arthur Lane,4eccb8c1-2ea1-42c4-bca8-acae11c07d99,arthur_lane,earum_enim_neque,center_7,bc209889-d794-4d4d-a221-5a60d9c3f8db
2,Dr. Glen Taylor,75cf0514-78c8-4467-bbe6-36f3af5a8ce2,glen_taylor,exercitationem_incidunt_sit,center_4,679aaddd-312f-4b4e-8cac-53e5ae283a95
3,Dr. Geraldine Lewis,8af43437-a787-4f44-8e2c-42122de9a89b,geraldine_lewis,assumenda_voluptate_laudantium,center_4,679aaddd-312f-4b4e-8cac-53e5ae283a95
4,Dr. Laura Evans,9673f6ff-8501-4d18-9a59-ea5dc328bbcb,laura_evans,nemo_sapiente_ut,center_8,fb796cf7-279b-46db-8c91-3acc37b7de40
5,Dr. Michelle Morris,2eb58c31-28d9-477c-a2c7-f09eb27ca7c2,michelle_morris,corporis_ea_ex,center_9,091f0e81-2892-42e7-975d-b2b82aebb4b3
6,Dr. Derek Pollard,499768e3-5a7a-4f0e-abda-a442ac1c156d,derek_pollard,asperiores_officia_aut,center_5,bf3b9c65-6740-413d-bdc6-fc63b0f315b5
7,Dr. Rachel Begum,1e2f97e1-fc8a-4e8b-a7f5-b736c99c5c1e,rachel_begum,asperiores_aut_itaque,center_3,1a82f7ad-7d57-44f2-9d93-c336c7e69fa3
8,Dr. Ashleigh Wells,12b2d889-3c03-40e9-8444-9c615033d3a3,ashleigh_wells,vel_ipsum_exercitationem,center_5,bf3b9c65-6740-413d-bdc6-fc63b0f315b5
9,Dr. Julia Lamb,38e07518-7411-420b-aab7-bba4ac09a1d9,julia_lamb,eius_deleniti_repellat,center_7,bc209889-d794-4d4d-a221-5a60d9c3f8db
10,Dr. Lynne Clark,22074377-808c-4629-be7b-30a91f9bc4a0,lynne_clark,cupiditate_perferendis_minus,center_1,3a9c45a5-5eeb-4e16-befe-a36fa17e8520
11,Dr. Trevor Donnelly,2be95a72-e7c5-4507-a0b0-e48383281463,trevor_donnelly,nesciunt_aut_vitae,center_8,fb796cf7-279b-46db-8c91-3acc37b7de40
12,Dr. Dominic Winter,de206596-1728-44ea-b2b2-35b9fb8448e9,dominic_winter,suscipit_quas_mollitia,center_1,3a9c45a5-5eeb-4e16-befe-a36fa17e8520
13,Dr. Jonathan Hughes,5d20d638-7556-4810-863f-430e332a5193,jonathan_hughes,dolor_nisi_nostrum,center_5,bf3b9c65-6740-413d-bdc6-fc63b0f315b5
14,Dr. Amber O'Brien,235107a8-994b-43be-8fa5-b4f816deaad9,amber_o'brien,asperiores_ad_alias,center_9,091f0e81-2892-42e7-975d-b2b82aebb4b3
15,Dr. Cameron Bryan,683c73dd-4f77-4271-98e0-894e76ce7345,cameron_bryan,autem_esse_repudiandae,center_8,fb796cf7-279b-46db-8c91-3acc37b7de40
16,Dr. Susan Stevenson,3b3982dd-d2f5-4118-b970-67925f921058,susan_stevenson,quibusdam_dolorem_fugiat,center_6,28425030-5bbc-471c-9f62-b6d3c2ec0b79
17,Dr. Billy Heath,6f224ac2-9eff-46ce-8843-7314832f3e94,billy_heath,numquam_dolorem_tenetur,center_5,bf3b9c65-6740-413d-bdc6-fc63b0f315b5
18,Dr. Benjamin Gibson,769d5f94-8e68-46a7-be7c-3bfeed67c538,benjamin_gibson,quia_deleniti_debitis,center_5,bf3b9c65-6740-413d-bdc6-fc63b0f315b5
19,Dr. Natalie Skinner,ca2783df-5f9c-40b2-af4d-8da6fe30a127,natalie_skinner,quod_iure_eveniet,center_9,091f0e81-2892-42e7-975d-b2b82aebb4b3
20,Dr. Brett James,e6a24c71-46de-4dae-82d9-27a367b11f75,brett_james,qui_expedita_in,center_8,fb796cf7-279b-46db-8c91-3acc37b7de40
21,Dr. Gavin Khan,16576171-32c1-4d9f-b7c0-0e794dcbcd09,gavin_khan,minima_laudantium_amet,center_6,28425030-5bbc-471c-9f62-b6d3c2ec0b79
22,Dr. Margaret Perry,419a4c4e-da2c-40a3-aab7-18bb098e5e7c,margaret_perry,animi_perferendis_porro,center_9,091f0e81-2892-42e7-975d-b2b82aebb4b3
23,Dr. Douglas Cox,b32468ee-c9bd-4276-833f-798b61961cba,douglas_cox,impedit_dignissimos_dicta,center_7,bc209889-d794-4d4d-a221-5a60d9c3f8db
24,Dr. Amanda Morgan,62ad0b34-a325-40b2-8a23-119c1d307192,amanda_morgan,aperiam_esse_quibusdam,center_5,bf3b9c65-6740-413d-bdc6-fc63b0f315b5
25,Dr. Jessica Miller,5a33e6ce-7787-4816-8e5e-0b8fa77807f2,jessica_miller,debitis_atque_mollitia,center_3,1a82f7ad-7d57-44f2-9d93-c336c7e69fa3
26,Dr. Allan Moore,5f992c98-f5bb-44b7-a57a-8e31e0c57cec,allan_moore,dignissimos_illum_dolores,center_7,bc209889-d794-4d4d-a221-5a60d9c3f8db
27,Dr. Shaun Richardson,955b19b0-ee06-404e-9b06-5fb58055be75,shaun_richardson,itaque_quo_nihil,center_0,1b44d92d-3a01-426e-ad7a-b37928531e1a
28,Dr. Natalie Rogers,025d7e6c-e73e-456c-bd03-d6fce3e8ce3d,natalie_rogers,blanditiis_ullam_officiis,center_5,bf3b9c65-6740-413d-bdc6-fc63b0f315b5
29,Dr. Ashleigh Mitchell,6ca7314c-8e0f-45a8-808e-c48e4a10abd6,ashleigh_mitchell,minima_explicabo_magni,center_1,3a9c45a5-5eeb-4e16-befe-a36fa17e8520
30,Dr. Amelia Mills,edd00126-63d0-4ad0-8443-76f8d4068a26,amelia_mills,veritatis_laborum_labore,center_6,28425030-5bbc-471c-9f62-b6d3c2ec0b79
31,Dr. Caroline Howells,cd4ff8e4-9780-45ea-9caf-9875f29df530,caroline_howells,voluptatem_consectetur_sequi,center_1,3a9c45a5-5eeb-4e16-befe-a36fa17e8520
32,Dr. Steven Humphries,1731c61b-4547-4d9a-8c49-fc5390a713bb,steven_humphries,officia_culpa_veniam,center_9,091f0e81-2892-42e7-975d-b2b82aebb4b3
33,Dr. Mary Summers,7c0a1456-26a7-4245-985b-826e5bdf537d,mary_summers,quia_mollitia_possimus,center_1,3a9c45a5-5eeb-4e16-befe-a36fa17e8520
34,Dr. Shirley Smith,1bfa6139-3d6e-47d0-95a9-b7272c475e65,shirley_smith,veniam_molestias_nihil,center_1,3a9c45a5-5eeb-4e16-befe-a36fa17e8520
35,Dr. Graham Akhtar,c0688135-20fd-4f23-8ea1-588f45055e0e,graham_akhtar,voluptate_tenetur_distinctio,center_9,091f0e81-2892-42e7-975d-b2b82aebb4b3
36,Dr. Terry Baker,8662864a-01f9-4e23-927c-06c0768ad13b,terry_baker,molestias_eligendi_totam,center_2,983a3902-26da-4f2e-ba32-d98935a979d6
37,Dr. Kimberley Baxter,56b3c8ed-827b-4d62-aa2e-f4b3906eed3d,kimberley_baxter,perferendis_iusto_doloremque,center_4,679aaddd-312f-4b4e-8cac-53e5ae283a95
38,Dr. Marc Watson,b8a6f3e4-a44c-44a3-b6b0-d3ea0d7ac06a,marc_watson,assumenda_quae_aut,center_3,1a82f7ad-7d57-44f2-9d93-c336c7e69fa3
39,Dr. Jacqueline Mills,3b2b3364-ae7c-46d5-a3b3-6556459fa0a6,jacqueline_mills,iusto_nemo_voluptas,center_0,1b44d92d-3a01-426e-ad7a-b37928531e1a
40,Dr. Diane McCarthy,324de69b-82e4-4457-8e1d-412a79e5f5a0,diane_mccarthy,molestias_debitis_omnis,center_9,091f0e81-2892-42e7-975d-b2b82aebb4b3
41,Dr. Heather Arnold,512886c0-fced-4984-90f4-c34aad700153,heather_arnold,quos_nam_reiciendis,center_2,983a3902-26da-4f2e-ba32-d98935a979d6
42,Dr. Nigel Harris,bfff193d-6e1b-48f2-9316-341ba81a6cad,nigel_harris,quae_illum_quia,center_5,bf3b9c65-6740-413d-bdc6-fc63b0f315b5
43,Dr. Sara Lees,54b39988-fc46-4f9b-89e3-287188303b3d,sara_lees,sapiente_modi_natus,center_4,679aaddd-312f-4b4e-8cac-53e5ae283a95
44,Dr. Malcolm Williams,5f737d2d-9732-42d1-8b8e-07a70d8b20b8,malcolm_williams,consequuntur_perferendis_minus,center_1,3a9c45a5-5eeb-4e16-befe-a36fa17e8520
45,Dr. Sophie Walsh,4005b878-1c47-482c-8a84-ee38e0f47f0b,sophie_walsh,odit_animi_eius,center_0,1b44d92d-3a01-426e-ad7a-b37928531e1a
46,Dr. Scott Chambers,7e3fb5c6-3e9d-4f07-897d-fcdceaf2f845,scott_chambers,delectus_quidem_vitae,center_7,bc209889-d794-4d4d-a221-5a60d9c3f8db
47,Dr. Kerry Iqbal,db061db4-8874-4487-8ce7-ed4378dafb50,kerry_iqbal,nisi_facere_voluptas,center_8,fb796cf7-279b-46db-8c91-3acc37b7de40
48,Dr. Maria Parry,b9e97ac8-f8a9-4b59-8029-b0bab05b3828,maria_parry,repellat_possimus_odio,center_1,3a9c45a5-5eeb-4e16-befe-a36fa17e8520
49,Dr. Kevin Townsend,c921ec6b-7805-4942-8702-438cb0ab46c5,kevin_townsend,asperiores_corrupti_quo,center_5,bf3b9c65-6740-413d-bdc6-fc63b0f315b5
50,Dr. Julie Duncan,8e7daa84-ff4e-45a0-8cea-6ac4b82aca52,julie_duncan,velit_assumenda_et,center_6,28425030-5bbc-471c-9f62-b6d3c2ec0b79
51,Dr. Lynda Coleman,562808cc-07f1-419f-8ed3-2a0b77f28ad6,lynda_coleman,aliquid_voluptatum_tempore,center_8,fb796cf7-279b-46db-8c91-3acc37b7de40
52,Dr. Leah Booth,7d2daa16-70c3-4dda-8dbb-d7785702a8ef,leah_booth,dolore_necessitatibus_sapiente,center_3,1a82f7ad-7d57-44f2-9d93-c336c7e69fa3
53,Dr. Annette Birch,5937d5dd-3f0d-41b4-b135-95e0c67d91a7,annette_birch,qui_sed_maiores,center_1,3a9c45a5-5eeb-4e16-befe-a36fa17e8520
54,Dr. Josh Williams,273f9781-9d5d-488a-8561-b772d4bed53c,josh_williams,nostrum_incidunt_neque,center_0,1b44d92d-3a01-426e-ad7a-b37928531e1a
55,Dr. Mohammad Scott,d0a58fba-30b2-4a6c-a3ff-ee42e677ee78,mohammad_scott,beatae_totam_magni,center_4,679aaddd-312f-4b4e-8cac-53e5ae283a95
56,Dr. Jeffrey Atkins,4072f567-27f3-4086-a367-7ef45f767e66,jeffrey_atkins,consequatur_qui_perspiciatis,center_7,bc209889-d794-4d4d-a221-5a60d9c3f8db
57,Dr. Jodie Marshall,72a97e34-6bbb-454b-ad13-591a77744f2a,jodie_marshall,dicta_iste_iste,center_5,bf3b9c65-6740-413d-bdc6-fc63b0f315b5
58,Dr. Paige Yates,f999ccd1-eb86-4096-bf3d-d7a90c5cb995,paige_yates,quas_neque_nemo,center_9,091f0e81-2892-42e7-975d-b2b82aebb4b3
59,Dr. Sharon Ellis,deeb3104-bd71-4267-a416-50279fd64b1e,sharon_ellis,illo_possimus_porro,center_7,bc209889-d794-4d4d-a221-5a60d9c3f8db
60,Dr. Abdul Fisher,d8fdb298-b5ef-4747-a34a-e142a26bd200,abdul_fisher,ipsa_numquam_asperiores,center_7,bc209889-d794-4d4d-a221-5a60d9c3f8db
61,Dr. Joel Warren,54a11b28-a00f-415a-a697-e9100f34103d,joel_warren,non_ea_fugiat,center_6,28425030-5bbc-471c-9f62-b6d3c2ec0b79
62,Dr. Lindsey Haynes,5e8d366b-1b71-4d5c-834f-86807fad7073,lindsey_haynes,fugiat_soluta_vel,center_5,bf3b9c65-6740-413d-bdc6-fc63b0f315b5
63,Dr. Jake Khan,9a5a33b5-9ce9-434f-a3d4-bab8f6fed812,jake_khan,inventore_id_explicabo,center_4,679aaddd-312f-4b4e-8cac-53e5ae283a95
64,Dr. Chelsea Glover,20f43d73-ab73-4215-9d75-be68bb81beba,chelsea_glover,veritatis_exercitationem_harum,center_5,bf3b9c65-6740-413d-bdc6-fc63b0f315b5
65,Dr. Irene White,ca4890fb-075d-4c29-ad85-736b7b391116,irene_white,adipisci_omnis_sunt,center_3,1a82f7ad-7d57-44f2-9d93-c336c7e69fa3
66,Dr. Pauline Warren,734ba942-35cc-4a52-b61b-2464213a492c,pauline_warren,cum_officia_saepe,center_5,bf3b9c65-6740-413d-bdc6-fc63b0f315b5
67,Dr. Patrick Pearson,e9127a0a-b233-456e-aab4-ac21b23c2933,patrick_pearson,sequi_praesentium_doloremque,center_9,091f0e81-2892-42e7-975d-b2b82aebb4b3
68,Dr. Denis Harrison,4e8fd95c-c1cd-4887-8e47-75b95f610a9c,denis_harrison,nesciunt_pariatur_qui,center_6,28425030-5bbc-471c-9f62-b6d3c2ec0b79
69,Dr. Ryan Pritchard,5655e417-a111-4389-a62b-d726737379ed,ryan_pritchard,labore_aspernatur_incidunt,center_8,fb796cf7-279b-46db-8c91-3acc37b7de40
70,Dr. Linda Jones,777a29d8-2471-4713-adca-2079b0b96008,linda_jones,incidunt_placeat_error,center_8,fb796cf7-279b-46db-8c91-3acc37b7de40
71,Dr. Frank Collins,2c5032aa-be24-4c9e-b4b7-e506d704da66,frank_collins,nisi_odit_accusantium,center_1,3a9c45a5-5eeb-4e16-befe-a36fa17e8520
72,Dr. Martyn Walker,fbd39a0d-f2d6-4b5c-958c-0bf95b6fb665,martyn_walker,odio_quia_repudiandae,center_0,1b44d92d-3a01-426e-ad7a-b37928531e1a
73,Dr. Ruth Bond,094c7f12-98aa-419d-83c2-2fc48aa87d3a,ruth_bond,officiis_esse_dolore,center_2,983a3902-26da-4f2e-ba32-d98935a979d6
74,Dr. Josh Fitzgerald,dab10803-08ab-4019-a46d-2c2db96f58bc,josh_fitzgerald,voluptatibus_expedita_quia,center_9,091f0e81-2892-42e7-975d-b2b82aebb4b3
75,Dr. Terry King,2423e4ff-a7d9-475a-a652-7125a133a368,terry_king,tenetur_ipsa_illo,center_4,679aaddd-312f-4b4e-8cac-53e5ae283a95
76,Dr. Louis Fox,139eb600-f11a-4b42-8d9e-4a7c088e1c4c,louis_fox,voluptate_provident_debitis,center_0,1b44d92d-3a01-426e-ad7a-b37928531e1a
77,Dr. Sean Bell,76e5b15f-a7f4-4d97-a2b2-5a806192b4b6,sean_bell,pariatur_ipsum_distinctio,center_3,1a82f7ad-7d57-44f2-9d93-c336c7e69fa3
78,Dr. Nicholas Thompson,a1d4d83e-4124-43eb-8b33-df11ba27c3e9,nicholas_thompson,molestias_assumenda_dolore,center_4,679aaddd-312f-4b4e-8cac-53e5ae283a95
79,Dr. Bradley Norris,a8eece69-c011-490f-8bd7-a5f0ff8faa06,bradley_norris,sint_occaecati_iste,center_2,983a3902-26da-4f2e-ba32-d98935a979d6
80,Dr. Kate Long,c3df1014-d6a1-46f8-a469-5acf4da7d126,kate_long,nisi_quod_explicabo,center_1,3a9c45a5-5eeb-4e16-befe-a36fa17e8520
81,Dr. Sally Smith,30eebb28-1875-4c8f-b3c1-f48ab49be950,sally_smith,consequuntur_sed_soluta,center_7,bc209889-d794-4d4d-a221-5a60d9c3f8db
82,Dr. Frank Murray,7a818b64-5255-4103-ae78-345f0a56f051,frank_murray,alias_officiis_fuga,center_8,fb796cf7-279b-46db-8c91-3acc37b7de40
83,Dr. Damian King,d21bdcf7-a31d-4377-a6d8-e1e0a4d143bf,damian_king,distinctio_exercitationem_tempora,center_8,fb796cf7-279b-46db-8c91-3acc37b7de40
84,Dr. Paula Barry,7d79cbe3-dd60-4538-8b75-e8c1facb6c05,paula_barry,molestiae_voluptates_repudiandae,center_9,091f0e81-2892-42e7-975d-b2b82aebb4b3
85,Dr. Julia Davies,45ec4457-c3dd-4a06-8a6a-18b9f5131406,julia_davies,dolorum_tempora_quos,center_9,091f0e81-2892-42e7-975d-b2b82aebb4b3
86,Dr. Nigel Short,e3d3d0a8-9130-4161-8095-14ac5b87b3d1,nigel_short,quis_ipsam_eum,center_8,fb796cf7-279b-46db-8c91-3acc37b7de40
87,Dr. Deborah Jackson,19f45222-2576-4564-85ea-a623a2066ec1,deborah_jackson,sed_dignissimos_ea,center_2,983a3902-26da-4f2e-ba32-d98935a979d6
88,Dr. Samantha Harrison,ddb32bd3-9cfd-488b-93d9-fb69a7728783,samantha_harrison,autem_dolores_dolorem,center_3,1a82f7ad-7d57-44f2-9d93-c336c7e69fa3
89,Dr. Helen Nelson,8177e1ae-047d-41a5-ab25-3b140c0cf83c,helen_nelson,odio_earum_voluptates,center_8,fb796cf7-279b-46db-8c91-3acc37b7de40
90,Dr. Marc Mitchell,bde0ab71-41db-43d9-8fcf-7a783d46fc52,marc_mitchell,dolorum_adipisci_pariatur,center_5,bf3b9c65-6740-413d-bdc6-fc63b0f315b5
91,Dr. Joseph Jenkins,1884bc11-e570-45b0-9329-7062d85fc161,joseph_jenkins,pariatur_consequuntur_laboriosam,center_1,3a9c45a5-5eeb-4e16-befe-a36fa17e8520
92,Dr. Lauren Burton,0decc012-3240-4a95-828f-7d07e2e1ee19,lauren_burton,fugiat_amet_sapiente,center_8,fb796cf7-279b-46db-8c91-3acc37b7de40
93,Dr. Janice King,142c1645-0285-44d7-82af-df6755f35388,janice_king,in_explicabo_sed,center_6,28425030-5bbc-471c-9f62-b6d3c2ec0b79
94,Dr. Scott O'Sullivan,b995c4ba-b7d9-4059-a7e8-f5de5c29b3f0,scott_o'sullivan,laboriosam_sit_earum,center_6,28425030-5bbc-471c-9f62-b6d3c2ec0b79
95,Dr. Sean Wells,ba512f70-eabc-4180-a882-972f9ac980b4,sean_wells,cupiditate_aut_sunt,center_0,1b44d92d-3a01-426e-ad7a-b37928531e1a
96,Dr. Vanessa Bates,d18e5d56-9c01-4872-8c3b-4fe5cd8388b6,vanessa_bates,occaecati_est_quas,center_8,fb796cf7-279b-46db-8c91-3acc37b7de40
97,Dr. Russell Jones,51f25fc3-7bdb-4a16-8c00-3526d15ecc48,russell_jones,nisi_corrupti_maxime,center_2,983a3902-26da-4f2e-ba32-d98935a979d6
98,Dr. Donald Richardson,3828e531-56d8-40a1-9dea-d37c19779f45,donald_richardson,vel_quasi_molestiae,center_6,28425030-5bbc-471c-9f62-b6d3c2ec0b79
99,Dr. Ashley Vaughan,592107df-d87d-49bd-859e-a90ea9cb2d3a,ashley_vaughan,cum_iste_totam,center_1,3a9c45a5-5eeb-4e16-befe-a36fa17e8520
100,Dr. Reece Gibbs,1ca598e9-a8de-4f56-ad79-3f8041a7ac38,reece_gibbs,delectus_ullam_atque,center_7,bc209889-d794-4d4d-a221-5a60d9c3f8db
101,Dr. Rachel Jackson,8677f84c-cc49-4bd2-81b5-14b50adb97dc,rachel_jackson,explicabo_eius_aut,center_2,983a3902-26da-4f2e-ba32-d98935a979d6
102,Dr. Kimberley Leach,89cbd9f4-3909-4fff-958b-f62cf7c32a6d,kimberley_leach,magni_voluptatibus_vel,center_3,1a82f7ad-7d57-44f2-9d93-c336c7e69fa3
103,Dr. Debra Gibbs,a37d175f-f2a0-4b77-a2ec-b22d440b2cbb,debra_gibbs,quasi_explicabo_qui,center_8,fb796cf7-279b-46db-8c91-3acc37b7de40
104,Dr. Annette Hawkins,9a7a7667-92a9-412e-9c1c-788fc2c5d15f,annette_hawkins,enim_fugit_ipsam,center_7,bc209889-d794-4d4d-a221-5a60d9c3f8db
105,Dr. Iain Jones,f7c57b34-efa1-4781-8aa7-35ec191ad7df,iain_jones,autem_amet_quam,center_9,091f0e81-2892-42e7-975d-b2b82aebb4b3
106,Dr. Lesley Moss,22621a4a-bf9a-41ba-99ca-8f3141c9e101,lesley_moss,aspernatur_illo_maxime,center_2,983a3902-26da-4f2e-ba32-d98935a979d6
107,Dr. Justin Brennan,39546300-2b7f-4e36-9d53-da857e44dc6a,justin_brennan,iure_eius_tempora,center_2,983a3902-26da-4f2e-ba32-d98935a979d6
108,Dr. Lawrence Tucker,f3f54b6c-6006-4408-b39a-78d89242e624,lawrence_tucker,nam_nulla_sint,center_0,1b44d92d-3a01-426e-ad7a-b37928531e1a
109,Dr. Shaun Morris,411360dc-49ed-41cc-ab85-ef8a997e75b4,shaun_morris,harum_autem_repellat,center_4,679aaddd-312f-4b4e-8cac-53e5ae283a95
110,Dr. Patricia Jennings,6e9c67bc-8b21-401a-9769-13a6d1d2163a,patricia_jennings,aliquam_voluptates_tempora,center_1,3a9c45a5-5eeb-4e16-befe-a36fa17e8520
111,Dr. Justin Watts,2c1aa871-6ee8-49e0-9b70-e90e78726907,justin_watts,atque_dolore_maiores,center_4,679aaddd-312f-4b4e-8cac-53e5ae283a95
112,Dr. Danny Wilson,216a0ae9-76e7-4e4f-a528-9ed0613d708e,danny_wilson,optio_id_beatae,center_5,bf3b9c65-6740-413d-bdc6-fc63b0f315b5
113,Dr. Stuart Davies,e53c4940-c3f1-4486-9cce-04d15b621cbe,stuart_davies,dicta_doloremque_inventore,center_8,fb796cf7-279b-46db-8c91-3acc37b7de40
114,Dr. Clive Preston,58323a56-ccf3-4658-ba9a-b30d31ebca26,clive_preston,molestiae_maxime_cum,center_3,1a82f7ad-7d57-44f2-9d93-c336c7e69fa3
115,Dr. Irene Taylor,bc90a8da-5e04-408d-8233-83b0483fd344,irene_taylor,in_perspiciatis_eos,center_4,679aaddd-312f-4b4e-8cac-53e5ae283a95
116,Dr. Vanessa Bailey,99268c12-5982-4a72-a86e-86ab26229764,vanessa_bailey,praesentium_deserunt_voluptate,center_3,1a82f7ad-7d57-44f2-9d93-c336c7e69fa3
117,Dr. Caroline Cook,932f612e-c3fe-453a-831f-24b2a56c2dd5,caroline_cook,ea_nesciunt_minus,center_3,1a82f7ad-7d57-44f2-9d93-c336c7e69fa3
118,Dr. Terry Bartlett,baeb8811-dbc7-4dcd-938a-f7259635c21f,terry_bartlett,sint_itaque_est,center_9,091f0e81-2892-42e7-975d-b2b82aebb4b3
119,Dr. Chelsea Anderson,52bb0c3e-7453-480e-bc28-4e1140100f32,chelsea_anderson,veritatis_iure_eum,center_4,679aaddd-312f-4b4e-8cac-53e5ae283a95
120,Dr. Carly Smith,af4ec58b-9944-4aae-8203-32df7d097606,carly_smith,veniam_mollitia_veritatis,center_3,1a82f7ad-7d57-44f2-9d93-c336c7e69fa3
121,Dr. Joyce Evans,21cb081f-c107-423e-86a0-54d7f6b945dd,joyce_evans,voluptatem_delectus_aperiam,center_3,1a82f7ad-7d57-44f2-9d93-c336c7e69fa3
122,Dr. Jayne Williams,07d279d3-afc4-4f58-a8e4-0a24b387a9a9,jayne_williams,eius_alias_deleniti,center_9,091f0e81-2892-42e7-975d-b2b82aebb4b3
123,Dr. Amanda Jones,88e0a445-1fe7-4518-b64d-06a4c4bf008c,amanda_jones,omnis_distinctio_voluptas,center_9,091f0e81-2892-42e7-975d-b2b82aebb4b3
124,Dr. Lynne Cook,e2322448-d6b1-4d16-a17d-2eb5383820ef,lynne_cook,nisi_dicta_exercitationem,center_4,679aaddd-312f-4b4e-8cac-53e5ae283a95
125,Dr. Charles Lyons,28d59fc7-f69b-4b5b-b8e0-727fdfb4311a,charles_lyons,ipsa_ad_consequatur,center_8,fb796cf7-279b-46db-8c91-3acc37b7de40
126,Dr. Gerald Barnes,f9a28938-5e4b-474c-b361-e41a20cbc1d9,gerald_barnes,odio_ipsum_iusto,center_7,bc209889-d794-4d4d-a221-5a60d9c3f8db
127,Dr. Leah Carter,a53c0173-7f6c-4c48-949d-330b7aa7cae6,leah_carter,placeat_veritatis_minus,center_9,091f0e81-2892-42e7-975d-b2b82aebb4b3
128,Dr. Fiona Norman,e3e77dba-78a0-4ffc-92a9-6dceb5291dfe,fiona_norman,consequuntur_ullam_veniam,center_4,679aaddd-312f-4b4e-8cac-53e5ae283a95
129,Dr. Gavin Lewis,2365b4d6-bac9-48ac-913b-442fdb5407fb,gavin_lewis,explicabo_sunt_occaecati,center_1,3a9c45a5-5eeb-4e16-befe-a36fa17e8520
130,Dr. Ronald Black,4af1b547-5377-44f0-91c0-b1be5d84b4e5,ronald_black,facere_ea_eius,center_8,fb796cf7-279b-46db-8c91-3acc37b7de40
131,Dr. Thomas Wilson,577dc55c-911a-4142-94b6-28e61997b3b7,thomas_wilson,exercitationem_natus_occaecati,center_6,28425030-5bbc-471c-9f62-b6d3c2ec0b79
132,Dr. Sarah Sims,b33c0cbb-7563-443f-86be-790ac9a35dad,sarah_sims,neque_adipisci_dolorem,center_5,bf3b9c65-6740-413d-bdc6-fc63b0f315b5
133,Dr. Lynda Riley,e2b35418-2523-4dbf-959e-27473543114e,lynda_riley,excepturi_iusto_labore,center_8,fb796cf7-279b-46db-8c91-3acc37b7de40
134,Dr. Kathryn Dickinson,edec7916-7642-4e9b-bb64-cfecc5d2e921,kathryn_dickinson,dolorem_accusamus_architecto,center_2,983a3902-26da-4f2e-ba32-d98935a979d6
135,Dr. Shane Jones,0dacedc5-70da-41ce-b0a5-c1642c7fcd89,shane_jones,cupiditate_odit_hic,center_5,bf3b9c65-6740-413d-bdc6-fc63b0f315b5
136,Dr. Raymond Cooper,dbc8c59c-a0c6-4cc6-8269-905bcc6a35a6,raymond_cooper,ratione_tenetur_reiciendis,center_4,679aaddd-312f-4b4e-8cac-53e5ae283a95
137,Dr. Lesley Middleton,0365eb28-591d-458d-88b8-f7d0c09d0e5b,lesley_middleton,cupiditate_repudiandae_a,center_1,3a9c45a5-5eeb-4e16-befe-a36fa17e8520
138,Dr. Donald Jones,b735ea6d-1bd9-47af-9724-97f6f40f6858,donald_jones,ea_tempore_mollitia,center_8,fb796cf7-279b-46db-8c91-3acc37b7de40
139,Dr. Phillip Carpenter,f3bb4fcf-a3b3-4a94-a1d6-89ccda7248e5,phillip_carpenter,beatae_accusamus_rerum,center_0,1b44d92d-3a01-426e-ad7a-b37928531e1a
140,Dr. Alexander Tucker,288106c2-66e4-45c7-9e5d-b9e575fc979d,alexander_tucker,optio_eius_deleniti,center_6,28425030-5bbc-471c-9f62-b6d3c2ec0b79
141,Dr. Georgina Wilson,7021d40f-4df6-4a34-9790-aba6823060e5,georgina_wilson,ab_ipsum_tempore,center_0,1b44d92d-3a01-426e-ad7a-b37928531e1a
142,Dr. Jemma Lewis,6b982273-56c2-4292-8b36-67f97190187d,jemma_lewis,repudiandae_laboriosam_sed,center_9,091f0e81-2892-42e7-975d-b2b82aebb4b3
143,Dr. Bradley Bennett,13603cba-6516-49b7-a082-292e83f7ba0d,bradley_bennett,neque_voluptatem_doloremque,center_7,bc209889-d794-4d4d-a221-5a60d9c3f8db
144,Dr. Clifford Lloyd,173e6c7d-ef95-4478-9703-1cd5e5e9adf2,clifford_lloyd,sapiente_dicta_illo,center_0,1b44d92d-3a01-426e-ad7a-b37928531e1a
145,Dr. Denise Wright,447c7295-854a-4e98-9c51-155d49ba69fa,denise_wright,officiis_neque_tenetur,center_7,bc209889-d794-4d4d-a221-5a60d9c3f8db
146,Dr. Amber Davies,6fa8a974-3769-4ebe-8d8c-8e3540db6196,amber_davies,alias_nam_ducimus,center_4,679aaddd-312f-4b4e-8cac-53e5ae283a95
147,Dr. Gordon Marshall,6e73a2b0-d249-4e00-9ab2-d5c5c8fe555c,gordon_marshall,ad_iure_voluptas,center_9,091f0e81-2892-42e7-975d-b2b82aebb4b3
148,Dr. Danielle Begum,e9aad1a6-163a-4ad6-bbf6-7167057d5011,danielle_begum,perferendis_repellendus_dignissimos,center_9,091f0e81-2892-42e7-975d-b2b82aebb4b3
149,Dr. Mitchell Miller,f33819e6-6cbb-478d-9d6a-aceab49829c5,mitchell_miller,placeat_atque_earum,center_9,091f0e81-2892-42e7-975d-b2b82aebb4b3
150,Dr. Bethan Begum,42c54dd6-8132-4b8c-8410-401a5eab4a7d,bethan_begum,similique_veritatis_iusto,center_4,679aaddd-312f-4b4e-8cac-53e5ae283a95
151,Dr. Thomas Simpson,082fa4e5-b8d8-4f26-8052-24d896c75848,thomas_simpson,suscipit_distinctio_dolor,center_6,28425030-5bbc-471c-9f62-b6d3c2ec0b79
152,Dr. Tina Lloyd,3e337823-090b-4d7c-85a0-d7be416dbd6e,tina_lloyd,sed_quidem_voluptas,center_8,fb796cf7-279b-46db-8c91-3acc37b7de40
153,Dr. Francesca Hunt,cef5900c-fb0b-4002-ba3c-db2bdd660d99,francesca_hunt,quibusdam_nobis_quia,center_6,28425030-5bbc-471c-9f62-b6d3c2ec0b79
154,Dr. Nicole Hall,dab9fd8c-2cc9-4da6-b180-06571f35d7ad,nicole_hall,earum_amet_et,center_0,1b44d92d-3a01-426e-ad7a-b37928531e1a
155,Dr. Damian Dennis,008af446-363f-486f-bf36-e02a2e9e1bed,damian_dennis,eaque_doloremque_cumque,center_1,3a9c45a5-5eeb-4e16-befe-a36fa17e8520
156,Dr. Janice Anderson,114c67ff-35b7-4460-a54f-bb58cc4dbc98,janice_anderson,asperiores_vitae_quibusdam,center_5,bf3b9c65-6740-413d-bdc6-fc63b0f315b5
157,Dr. Grace Bird,95979407-8478-46a0-bcff-42008d9051d0,grace_bird,corrupti_molestias_exercitationem,center_2,983a3902-26da-4f2e-ba32-d98935a979d6
158,Dr. Jeremy King,f5d2b48f-8278-43eb-ad1b-2e66ab222558,jeremy_king,fugit_vitae_incidunt,center_0,1b44d92d-3a01-426e-ad7a-b37928531e1a
159,Dr. Kenneth Barker,c0899a39-e30f-465f-a861-faae50f57201,kenneth_barker,sequi_perspiciatis_ratione,center_6,28425030-5bbc-471c-9f62-b6d3c2ec0b79
160,Dr. Jenna Spencer,2510db8e-2d85-45c8-9f57-c2f9fa932097,jenna_spencer,ipsam_odit_rem,center_2,983a3902-26da-4f2e-ba32-d98935a979d6
161,Dr. Christian Jones,2f460023-b566-4066-9e4c-8754d74b1688,christian_jones,natus_occaecati_adipisci,center_5,bf3b9c65-6740-413d-bdc6-fc63b0f315b5
162,Dr. Damian Reynolds,09323341-288d-404b-8dbd-a5d54416fccc,damian_reynolds,officia_quasi_earum,center_7,bc209889-d794-4d4d-a221-5a60d9c3f8db
163,Dr. Darren Smith,ce53d5dd-e287-4d46-836c-f57e428780c1,darren_smith,optio_earum_enim,center_3,1a82f7ad-7d57-44f2-9d93-c336c7e69fa3
164,Dr. Keith Brennan,cae0d826-c81d-4f07-8682-548c49a3d514,keith_brennan,corrupti_perspiciatis_debitis,center_1,3a9c45a5-5eeb-4e16-befe-a36fa17e8520
165,Dr. Philip Walker,104610aa-9171-4428-bf82-e50bba272858,philip_walker,facilis_culpa_ad,center_1,3a9c45a5-5eeb-4e16-befe-a36fa17e8520
166,Dr. Douglas Phillips,11d549ca-1fc3-4654-9cd9-419de7695974,douglas_phillips,praesentium_laboriosam_illo,center_1,3a9c45a5-5eeb-4e16-befe-a36fa17e8520
167,Dr. Gail Powell,4a64184a-cd61-4083-afa4-d0da388b0b3f,gail_powell,inventore_pariatur_sunt,center_1,3a9c45a5-5eeb-4e16-befe-a36fa17e8520
168,Dr. Jack White,73bcdb9a-4665-4bf7-9df9-53673ad3ae21,jack_white,consectetur_nisi_temporibus,center_0,1b44d92d-3a01-426e-ad7a-b37928531e1a
169,Dr. Bernard Barber,07672415-66c6-4675-a74a-f6fe6f21a606,bernard_barber,natus_laboriosam_placeat,center_7,bc209889-d794-4d4d-a221-5a60d9c3f8db
170,Dr. Hollie Macdonald,29d2c598-15cc-4d87-9e35-5eda3ada9a12,hollie_macdonald,quasi_a_consequatur,center_5,bf3b9c65-6740-413d-bdc6-fc63b0f315b5
171,Dr. Amelia Patel,122ceb93-0021-4ef6-8c0a-b0661a83adfb,amelia_patel,quidem_eaque_nam,center_1,3a9c45a5-5eeb-4e16-befe-a36fa17e8520
172,Dr. Angela Rice,2646f2be-0e65-4015-b371-eb1a56d25948,angela_rice,nisi_nam_dignissimos,center_9,091f0e81-2892-42e7-975d-b2b82aebb4b3
173,Dr. Joanne Powell,e969ec12-05db-48db-b666-ece9792724d2,joanne_powell,fugit_nisi_suscipit,center_8,fb796cf7-279b-46db-8c91-3acc37b7de40
174,Dr. Elizabeth Iqbal,6436da68-de46-4010-a67e-f661db6a3a7a,elizabeth_iqbal,odit_dignissimos_odio,center_1,3a9c45a5-5eeb-4e16-befe-a36fa17e8520
175,Dr. Michelle Clark,d9010710-ca09-4046-9007-823233325b14,michelle_clark,corporis_nobis_sunt,center_5,bf3b9c65-6740-413d-bdc6-fc63b0f315b5
176,Dr. Cameron Smith,185bcda4-e397-4a60-89ef-649ad6a84797,cameron_smith,fugit_molestias_placeat,center_3,1a82f7ad-7d57-44f2-9d93-c336c7e69fa3
177,Dr. Sarah Pickering,10f0c7a7-b2e3-4d0c-bdb4-9455bd38a65d,sarah_pickering,neque_nesciunt_aspernatur,center_6,28425030-5bbc-471c-9f62-b6d3c2ec0b79
178,Dr. Alexander Hughes,d6650203-ec02-4d7d-b75a-904e93ecba47,alexander_hughes,excepturi_quos_asperiores,center_9,091f0e81-2892-42e7-975d-b2b82aebb4b3
179,Dr. Gary Lane,e2a38e4b-d80f-4a50-880e-04d8ffcd6186,gary_lane,omnis_voluptate_est,center_6,28425030-5bbc-471c-9f62-b6d3c2ec0b79
180,Dr. Dale Foster,4e133ce8-a2ce-4ddd-928f-229369942f63,dale_foster,voluptates_quidem_maiores,center_5,bf3b9c65-6740-413d-bdc6-fc63b0f315b5
181,Dr. June Bennett,2f8a2c96-5432-4cf0-a426-7bf08f119800,june_bennett,neque_architecto_quos,center_8,fb796cf7-279b-46db-8c91-3acc37b7de40
182,Dr. Alice Clements,f878f4d2-6825-41c1-8ef9-52cb96fce6cb,alice_clements,commodi_officiis_natus,center_2,983a3902-26da-4f2e-ba32-d98935a979d6
183,Dr. Lynda Brooks,2bf70662-c594-4605-b17b-575b13821de0,lynda_brooks,ullam_molestiae_nam,center_9,091f0e81-2892-42e7-975d-b2b82aebb4b3
184,Dr. Dominic Barnett,790d32d4-b871-4888-a83d-e8b6a660679b,dominic_barnett,ipsa_asperiores_maiores,center_8,fb796cf7-279b-46db-8c91-3acc37b7de40
185,Dr. Grace Harrison,10fa8213-3926-4c74-a117-b9e4cdb792ae,grace_harrison,error_nemo_aut,center_5,bf3b9c65-6740-413d-bdc6-fc63b0f315b5
186,Dr. Katherine Dale,c51d62c0-bf7e-4ec9-b720-406661bb8363,katherine_dale,fugit_deserunt_reprehenderit,center_1,3a9c45a5-5eeb-4e16-befe-a36fa17e8520
187,Dr. Norman Newton,e06497d5-d573-4cfc-ae6c-e2e6898c248f,norman_newton,unde_sed_quia,center_0,1b44d92d-3a01-426e-ad7a-b37928531e1a
188,Dr. William Dennis,26507b19-77a4-485e-8eb2-8bc8136a51f1,william_dennis,minus_beatae_dolor,center_9,091f0e81-2892-42e7-975d-b2b82aebb4b3
189,Dr. Annette Perkins,04300b12-b818-479f-9cc0-13b3f5d77de4,annette_perkins,inventore_iste_quisquam,center_5,bf3b9c65-6740-413d-bdc6-fc63b0f315b5
190,Dr. Cheryl Harris,88bff2ae-5665-43f5-a187-caa722394149,cheryl_harris,aspernatur_dignissimos_voluptate,center_5,bf3b9c65-6740-413d-bdc6-fc63b0f315b5
191,Dr. Kerry Gill,ce4f2d81-86b0-4bfe-b3f6-79dfc74c2eb9,kerry_gill,recusandae_sunt_eaque,center_4,679aaddd-312f-4b4e-8cac-53e5ae283a95
192,Dr. Elliott Gallagher,94218071-48b0-473a-9875-b3521208f79e,elliott_gallagher,delectus_aperiam_rerum,center_7,bc209889-d794-4d4d-a221-5a60d9c3f8db
193,Dr. Terence Baker,3008ce63-4b76-4b9e-9915-ea981dcc0943,terence_baker,et_totam_dignissimos,center_5,bf3b9c65-6740-413d-bdc6-fc63b0f315b5
194,Dr. Tom Peters,2a79dff7-ab94-49ac-ba99-2dc844e5e788,tom_peters,exercitationem_ullam_modi,center_2,983a3902-26da-4f2e-ba32-d98935a979d6
195,Dr. Harriet Williams,6b167699-2319-4688-b802-ea663ae0fc84,harriet_williams,sed_odit_placeat,center_6,28425030-5bbc-471c-9f62-b6d3c2ec0b79
196,Dr. Kirsty Hunter,1d36da71-df1a-415d-b06b-518bb4cc8a70,kirsty_hunter,optio_deserunt_reiciendis,center_4,679aaddd-312f-4b4e-8cac-53e5ae283a95
197,Dr. Julian Cole,016e6df0-8832-4db8-9757-23f3ae650b2f,julian_cole,repellendus_accusamus_sed,center_5,bf3b9c65-6740-413d-bdc6-fc63b0f315b5
198,Dr. Beth Parsons,303d2c27-597d-45a7-adc4-774b0c30f40d,beth_parsons,blanditiis_eligendi_dolores,center_7,bc209889-d794-4d4d-a221-5a60d9c3f8db
199,Dr. Melissa Singh,12e313d8-1e2b-4ebe-a99a-09bc38d336ed,melissa_singh,nobis_animi_aliquid,center_0,1b44d92d-3a01-426e-ad7a-b37928531e1a
200,Dr. Olivia Lewis,6e45289c-fccb-44b4-b67c-c383b84b217b,olivia_lewis,occaecati_optio_cum,center_0,1b44d92d-3a01-426e-ad7a-b37928531e1a
201,Dr. Robin Stokes,2df6e4c5-d48b-47d0-9f96-1cd4555f680d,robin_stokes,eligendi_provident_eum,center_4,679aaddd-312f-4b4e-8cac-53e5ae283a95
202,Dr. Dale Hall,c512c63b-5aeb-41cd-8c0a-9b2164958f21,dale_hall,saepe_doloremque_delectus,center_7,bc209889-d794-4d4d-a221-5a60d9c3f8db
203,Dr. Michelle Fleming,2b93206c-ea76-410a-b5cf-bf55ac607c13,michelle_fleming,omnis_corporis_quas,center_9,091f0e81-2892-42e7-975d-b2b82aebb4b3
204,Dr. Frank Ryan,60f9803d-9014-424d-bb49-5a59a2793cb2,frank_ryan,architecto_minima_temporibus,center_0,1b44d92d-3a01-426e-ad7a-b37928531e1a
205,Dr. Daniel Barlow,f3aa55a2-8854-4b82-9757-3601db7ba84d,daniel_barlow,nam_natus_excepturi,center_4,679aaddd-312f-4b4e-8cac-53e5ae283a95
206,Dr. Marilyn Morgan,05752eb8-0c96-47e3-9be5-21bdf1d4be5f,marilyn_morgan,iste_illum_ducimus,center_9,091f0e81-2892-42e7-975d-b2b82aebb4b3
207,Dr. Douglas Lord,0bbeb6dd-5093-4b9b-ad85-ed602e7dd059,douglas_lord,molestias_eius_expedita,center_7,bc209889-d794-4d4d-a221-5a60d9c3f8db
208,Dr. Martin Day,805aa616-6a14-43ec-908c-486d64c261c0,martin_day,deleniti_aperiam_fuga,center_6,28425030-5bbc-471c-9f62-b6d3c2ec0b79
209,Dr. Suzanne Turner,1a677933-8b68-4ea3-80fc-621318685299,suzanne_turner,quibusdam_voluptatibus_minus,center_5,bf3b9c65-6740-413d-bdc6-fc63b0f315b5
210,Dr. Bradley Riley,678d3291-3fdc-4cdc-8252-32cb6a8ef670,bradley_riley,voluptatum_rerum_optio,center_5,bf3b9c65-6740-413d-bdc6-fc63b0f315b5
211,Dr. Diane Stokes,6f8c253a-24af-4385-8685-9a7774e11c35,diane_stokes,corrupti_id_expedita,center_3,1a82f7ad-7d57-44f2-9d93-c336c7e69fa3
212,Dr. Kenneth Lewis,bb6aa7a2-ea35-4f52-aaf9-c7b9f3550674,kenneth_lewis,placeat_illo_molestias,center_5,bf3b9c65-6740-413d-bdc6-fc63b0f315b5
213,Dr. Terence Blackburn,47e437d4-38d1-4905-ae40-428b8ab15157,terence_blackburn,officia_voluptatem_consequuntur,center_9,091f0e81-2892-42e7-975d-b2b82aebb4b3
214,Dr. Danielle Clarke,7e339879-40c2-478d-987a-1e5505f3e130,danielle_clarke,quis_iure_iste,center_6,28425030-5bbc-471c-9f62-b6d3c2ec0b79
215,Dr. Abigail Read,59b87a1a-f10e-46c6-b7ba-7aa026a8b6bb,abigail_read,molestiae_sunt_at,center_7,bc209889-d794-4d4d-a221-5a60d9c3f8db
216,Dr. Lisa Kaur,c2ef4e07-3eb3-4b58-bb55-e1149060abb3,lisa_kaur,quam_totam_possimus,center_5,bf3b9c65-6740-413d-bdc6-fc63b0f315b5
217,Dr. Connor Patel,883ae98a-84bb-4936-9188-4d55fb29b11d,connor_patel,nulla_voluptatem_voluptatem,center_1,3a9c45a5-5eeb-4e16-befe-a36fa17e8520
218,Dr. Francis Matthews,8e95ee5b-5d20-456d-9e8b-d854f36f9024,francis_matthews,unde_ipsum_ipsum,center_9,091f0e81-2892-42e7-975d-b2b82aebb4b3
219,Dr. Gavin Taylor,4d07278e-fedf-4872-a3f5-adc919091c4e,gavin_taylor,voluptates_dignissimos_et,center_7,bc209889-d794-4d4d-a221-5a60d9c3f8db
220,Dr. Allan Ford,400bd058-2f4c-4056-82d9-ca98c41b1d0e,allan_ford,beatae_in_rerum,center_2,983a3902-26da-4f2e-ba32-d98935a979d6
221,Dr. Lee Giles,660f4973-a310-4aab-9ac3-7b037112ab83,lee_giles,aut_at_nemo,center_7,bc209889-d794-4d4d-a221-5a60d9c3f8db
222,Dr. Samuel Morrison,e17deea3-edb6-4335-9827-a3d09d147b28,samuel_morrison,fugit_nobis_a,center_8,fb796cf7-279b-46db-8c91-3acc37b7de40
223,Dr. Anna Harrison,844fa99a-dba7-459d-a1cc-27d8e677cd89,anna_harrison,quidem_esse_eveniet,center_5,bf3b9c65-6740-413d-bdc6-fc63b0f315b5
224,Dr. Gillian Hill,9bd87365-ead1-40c7-8bab-a902dc638007,gillian_hill,dolor_sit_cumque,center_9,091f0e81-2892-42e7-975d-b2b82aebb4b3
225,Dr. Douglas Smith,21627949-ebaf-4e2d-be38-5c914cddf4a0,douglas_smith,possimus_soluta_ut,center_9,091f0e81-2892-42e7-975d-b2b82aebb4b3
226,Dr. Bruce Watson,e0722953-084f-4aa2-b8e8-e4902b4be331,bruce_watson,nulla_cum_doloribus,center_8,fb796cf7-279b-46db-8c91-3acc37b7de40
227,Dr. Martyn Green,6adafac2-d64d-4213-8850-ebee37fd0ff1,martyn_green,explicabo_eveniet_animi,center_4,679aaddd-312f-4b4e-8cac-53e5ae283a95
228,Dr. Marion Hunter,953d5c31-683b-4bfd-9c28-76539f7f2bcb,marion_hunter,velit_porro_veniam,center_6,28425030-5bbc-471c-9f62-b6d3c2ec0b79
229,Dr. Damien Conway,0ebc75dc-cfca-44bc-ad9f-83958479c799,damien_conway,assumenda_quisquam_magnam,center_8,fb796cf7-279b-46db-8c91-3acc37b7de40
230,Dr. Toby May,810ce8d3-4d8c-45f4-acef-1beeb3abfe36,toby_may,sequi_vel_perspiciatis,center_6,28425030-5bbc-471c-9f62-b6d3c2ec0b79
231,Dr. Arthur Daniels,1cd6d5b4-5d57-4741-8201-bf6e23ae9e43,arthur_daniels,doloribus_a_culpa,center_7,bc209889-d794-4d4d-a221-5a60d9c3f8db
232,Dr. Brenda Brown,005156b5-2d47-4702-ac08-0836e3c4a59f,brenda_brown,facere_in_placeat,center_0,1b44d92d-3a01-426e-ad7a-b37928531e1a
233,Dr. Molly Morris,e5d9cc9e-cfa0-4f66-a84d-f76702c9da26,molly_morris,animi_incidunt_alias,center_3,1a82f7ad-7d57-44f2-9d93-c336c7e69fa3
234,Dr. Shane Stewart,5fdd9780-8f64-485e-933e-e08ccfec77c0,shane_stewart,vero_quae_ut,center_2,983a3902-26da-4f2e-ba32-d98935a979d6
235,Dr. Norman Roberts,f403a599-e5d5-435a-99e1-c9ba4ebe40f8,norman_roberts,eius_quam_accusamus,center_7,bc209889-d794-4d4d-a221-5a60d9c3f8db
236,Dr. Megan Green,df434550-d3cc-41c1-88fd-a7c374a82c58,megan_green,incidunt_molestias_maxime,center_3,1a82f7ad-7d57-44f2-9d93-c336c7e69fa3
237,Dr. Terence Rice,11d1a4ec-31ed-4189-9ec0-117133cd8239,terence_rice,velit_enim_voluptate,center_0,1b44d92d-3a01-426e-ad7a-b37928531e1a
238,Dr. Jeremy Davies,2956bb5c-03f7-4a0d-b608-c819a9cf81a8,jeremy_davies,eos_possimus_saepe,center_5,bf3b9c65-6740-413d-bdc6-fc63b0f315b5
239,Dr. Andrea Bradshaw,93eb90f5-0358-48bd-818d-c8705900a142,andrea_bradshaw,saepe_illum_placeat,center_2,983a3902-26da-4f2e-ba32-d98935a979d6
240,Dr. Marie Ball,de6d0bb6-adc2-4697-9afc-847cd2594c31,marie_ball,deleniti_sed_assumenda,center_6,28425030-5bbc-471c-9f62-b6d3c2ec0b79
241,Dr. Mohammed Foster,69fa1c26-ab3f-45b3-a6e7-df86885acab3,mohammed_foster,neque_recusandae_cum,center_3,1a82f7ad-7d57-44f2-9d93-c336c7e69fa3
242,Dr. Jeffrey Butcher,52cca0bd-4a74-4bb9-bd8c-7b87a8f90af4,jeffrey_butcher,quisquam_quae_incidunt,center_8,fb796cf7-279b-46db-8c91-3acc37b7de40
243,Dr. Jodie Lamb,e41c0c35-777c-42d9-85b7-a293ef480692,jodie_lamb,voluptatem_quisquam_dolorem,center_8,fb796cf7-279b-46db-8c91-3acc37b7de40
244,Dr. Sandra Rose,aaccd1ea-b1d1-4e28-92f2-ce6b4c21c9cc,sandra_rose,qui_fugit_aspernatur,center_1,3a9c45a5-5eeb-4e16-befe-a36fa17e8520
245,Dr. Abigail Walker,762a6f9e-87f7-41bf-9122-cdbbee71e215,abigail_walker,odio_aliquid_asperiores,center_1,3a9c45a5-5eeb-4e16-befe-a36fa17e8520
246,Dr. Lewis Humphreys,96dd8770-cdfa-40d8-aaaa-43e17c2bdbcf,lewis_humphreys,quidem_sequi_repellendus,center_8,fb796cf7-279b-46db-8c91-3acc37b7de40
247,Dr. Jean Ali,b937e794-ad3a-4271-97de-e833128b09d1,jean_ali,aliquam_mollitia_alias,center_2,983a3902-26da-4f2e-ba32-d98935a979d6
248,Dr. Phillip Holland,3c57a862-4171-4aa4-840e-a837046d10b8,phillip_holland,ut_consequuntur_velit,center_2,983a3902-26da-4f2e-ba32-d98935a979d6
249,Dr. Darren Moore,0334a86f-c2ba-4082-87e5-c5b26afd7bbe,darren_moore,sit_est_at,center_1,3a9c45a5-5eeb-4e16-befe-a36fa17e8520
250,Dr. Victor Graham,7c3d6dbd-2ead-436b-bfd7-a448a29cb3dc,victor_graham,optio_nam_harum,center_6,28425030-5bbc-471c-9f62-b6d3c2ec0b79
251,Dr. Peter Sharpe,684ecf5e-f8fc-493a-bb0a-8339c130ddb2,peter_sharpe,illum_ea_et,center_8,fb796cf7-279b-46db-8c91-3acc37b7de40
252,Dr. Mathew Davies,8cb47da8-5ab2-4ad7-a90a-e44dbdac4ceb,mathew_davies,accusantium_reprehenderit_sapiente,center_2,983a3902-26da-4f2e-ba32-d98935a979d6
253,Dr. Karen Turner,83b8e7df-6856-4018-9072-36aafcf03e6e,karen_turner,dolores_adipisci_doloremque,center_1,3a9c45a5-5eeb-4e16-befe-a36fa17e8520
254,Dr. Ian Harding,d55271fc-3f5e-4c02-afa2-6848b916a3b5,ian_harding,veniam_et_sed,center_5,bf3b9c65-6740-413d-bdc6-fc63b0f315b5
255,Dr. Irene Rogers,c6db1727-0436-4d7d-9d79-41f8dd8b514f,irene_rogers,fugit_nulla_quibusdam,center_4,679aaddd-312f-4b4e-8cac-53e5ae283a95
256,Dr. Glenn Holland,1c4040a7-bd05-4a0e-af47-51ce66b1d1eb,glenn_holland,corporis_tempore_fugiat,center_4,679aaddd-312f-4b4e-8cac-53e5ae283a95
257,Dr. Lydia Taylor,c64702cd-2b22-475f-b5ba-6101ad204ea5,lydia_taylor,facilis_impedit_aspernatur,center_7,bc209889-d794-4d4d-a221-5a60d9c3f8db
258,Dr. Lee Payne,e9ad49cd-0e64-4bca-b1f0-a30d98906732,lee_payne,commodi_mollitia_error,center_7,bc209889-d794-4d4d-a221-5a60d9c3f8db
259,Dr. Robin Williams,86fe0abc-368e-4a89-8cc6-25c9ee7929c0,robin_williams,quisquam_natus_dolorum,center_7,bc209889-d794-4d4d-a221-5a60d9c3f8db
260,Dr. Joan Young,3552d1cd-1d45-4442-afbf-7e37b3ea2b2c,joan_young,quasi_assumenda_quia,center_1,3a9c45a5-5eeb-4e16-befe-a36fa17e8520
261,Dr. Marcus Connor,400bfa78-bd42-46a3-9335-51c6d311e375,marcus_connor,quis_deleniti_exercitationem,center_5,bf3b9c65-6740-413d-bdc6-fc63b0f315b5
262,Dr. Bryan Davies,c78547a0-6613-4a20-9891-11aa3a9a2de0,bryan_davies,quos_alias_quod,center_0,1b44d92d-3a01-426e-ad7a-b37928531e1a
263,Dr. Donna Barnes,808b580b-bebd-4101-818a-03beeb77170d,donna_barnes,velit_assumenda_praesentium,center_5,bf3b9c65-6740-413d-bdc6-fc63b0f315b5
264,Dr. Frank Cox,9a1514b0-8ff9-48e9-8bc0-12f2382d8d21,frank_cox,itaque_praesentium_unde,center_6,28425030-5bbc-471c-9f62-b6d3c2ec0b79
265,Dr. Charlene Jones,ac580b4d-f062-46c0-b381-b3d375946f0d,charlene_jones,enim_veniam_quo,center_2,983a3902-26da-4f2e-ba32-d98935a979d6
266,Dr. Alan Wilson,d64f2aec-bce6-4cf7-8a7b-bde0ced37947,alan_wilson,eaque_excepturi_at,center_8,fb796cf7-279b-46db-8c91-3acc37b7de40
267,Dr. Linda Webb,ceb7e4e3-2c6a-460d-888c-e5d406eefd41,linda_webb,error_dolorem_recusandae,center_5,bf3b9c65-6740-413d-bdc6-fc63b0f315b5
268,Dr. Dean Hanson,dc9cba8a-ff36-4436-b3b3-b359d9daaa29,dean_hanson,nesciunt_necessitatibus_iusto,center_3,1a82f7ad-7d57-44f2-9d93-c336c7e69fa3
269,Dr. Gerald Smith,a32a34bb-51fc-4cf5-8994-9d87c236bf0e,gerald_smith,sit_blanditiis_omnis,center_4,679aaddd-312f-4b4e-8cac-53e5ae283a95
270,Dr. Henry Morris,2b750bbe-c703-4fa7-af80-7959df8e66e5,henry_morris,officia_nostrum_minus,center_5,bf3b9c65-6740-413d-bdc6-fc63b0f315b5
271,Dr. Jacqueline Sanderson,da996f82-d458-477a-83de-8744028a1498,jacqueline_sanderson,harum_officia_veritatis,center_9,091f0e81-2892-42e7-975d-b2b82aebb4b3
272,Dr. Joshua Dobson,4fe842e6-cc66-4c50-82f3-30315c696702,joshua_dobson,consequuntur_at_aperiam,center_1,3a9c45a5-5eeb-4e16-befe-a36fa17e8520
273,Dr. Mohamed Davies,b640bb8d-91e5-4544-a613-06d5b3768521,mohamed_davies,voluptate_voluptates_magni,center_9,091f0e81-2892-42e7-975d-b2b82aebb4b3
274,Dr. Conor Miller,44425713-e2ae-4ab4-b990-86f180bea882,conor_miller,officiis_debitis_ipsam,center_6,28425030-5bbc-471c-9f62-b6d3c2ec0b79
275,Dr. Heather Watts,264ec63a-73ff-4cf2-a003-d1307b5d2d1d,heather_watts,illum_officiis_vitae,center_4,679aaddd-312f-4b4e-8cac-53e5ae283a95
276,Dr. Ashleigh Reid,99ca1ee9-cf3d-4f86-b1e6-ab4ac325f725,ashleigh_reid,quidem_nisi_laboriosam,center_0,1b44d92d-3a01-426e-ad7a-b37928531e1a
277,Dr. Lynne Owen,c4e6ce9a-3890-4209-a7ea-924388cc885d,lynne_owen,voluptates_iusto_facere,center_7,bc209889-d794-4d4d-a221-5a60d9c3f8db
278,Dr. Sylvia Cook,da8bf90a-c6b5-4403-972a-b04688d90b83,sylvia_cook,quidem_repellendus_placeat,center_3,1a82f7ad-7d57-44f2-9d93-c336c7e69fa3
279,Dr. Stanley Lee,cb30c7f0-3bc1-4aea-9b4f-d7b1d816d279,stanley_lee,vel_veritatis_est,center_5,bf3b9c65-6740-413d-bdc6-fc63b0f315b5
280,Dr. Lorraine Davison,a9d49193-263a-4676-922f-259307b33ab3,lorraine_davison,placeat_fugit_nesciunt,center_7,bc209889-d794-4d4d-a221-5a60d9c3f8db
281,Dr. Claire Mann,e0a5bdaf-38a9-4a08-acbd-dddb749c6699,claire_mann,perspiciatis_rem_delectus,center_6,28425030-5bbc-471c-9f62-b6d3c2ec0b79
282,Dr. Danielle Davidson,d1b1c347-b6ad-4302-8a76-24bc05e3230a,danielle_davidson,aliquam_tempore_cum,center_5,bf3b9c65-6740-413d-bdc6-fc63b0f315b5
283,Dr. Lewis Davies,dddf043b-31e8-4023-b9f1-6101df91704a,lewis_davies,accusamus_iure_porro,center_5,bf3b9c65-6740-413d-bdc6-fc63b0f315b5
284,Dr. Laura Rogers,c19de2a7-1d96-4ac3-b2cc-224f7ab0b927,laura_rogers,enim_illo_tempore,center_3,1a82f7ad-7d57-44f2-9d93-c336c7e69fa3
285,Dr. Carol Black,1bbf7762-b5bd-41e5-bb25-e34f89d75932,carol_black,dolores_iure_qui,center_0,1b44d92d-3a01-426e-ad7a-b37928531e1a
286,Dr. Amelia Mahmood,61940546-a6dc-49da-b463-a7a04a6d681f,amelia_mahmood,enim_iusto_expedita,center_8,fb796cf7-279b-46db-8c91-3acc37b7de40
287,Dr. Bernard Peacock,8c596327-09d6-4b87-a95f-775a16c1174a,bernard_peacock,in_enim_recusandae,center_8,fb796cf7-279b-46db-8c91-3acc37b7de40
288,Dr. Julie Morris,b55720e3-a8d9-48a9-82e1-878b9d1de46a,julie_morris,similique_fugit_modi,center_4,679aaddd-312f-4b4e-8cac-53e5ae283a95
289,Dr. Sylvia Jones,a4593674-651d-4fbb-9091-c9b2e7100f3c,sylvia_jones,esse_repudiandae_ut,center_7,bc209889-d794-4d4d-a221-5a60d9c3f8db
290,Dr. Tony Watkins,0dea5158-67b4-451f-9ac2-1d17e6fd1631,tony_watkins,cum_amet_error,center_5,bf3b9c65-6740-413d-bdc6-fc63b0f315b5
291,Dr. Marcus Armstrong,0e94cf97-de17-4f0a-891c-72c202c440ff,marcus_armstrong,ad_repudiandae_quibusdam,center_2,983a3902-26da-4f2e-ba32-d98935a979d6
292,Dr. James Gardner,4fcf2d4d-e008-4608-99ec-ba5e811ab752,james_gardner,non_excepturi_ipsa,center_6,28425030-5bbc-471c-9f62-b6d3c2ec0b79
293,Dr. Lindsey James,03c44b40-cfb7-44d5-a0b1-bfd249ceb12c,lindsey_james,placeat_minus_fugiat,center_6,28425030-5bbc-471c-9f62-b6d3c2ec0b79
294,Dr. Ronald Jones,0bff6cd0-8270-447e-a162-6ae583f338c9,ronald_jones,exercitationem_sunt_quo,center_8,fb796cf7-279b-46db-8c91-3acc37b7de40
295,Dr. Dominic Smith,06e00f8e-defb-422b-ae9b-eeb35235f226,dominic_smith,nostrum_possimus_dicta,center_0,1b44d92d-3a01-426e-ad7a-b37928531e1a
296,Dr. Ruth Begum,ca204bc5-d6da-4380-b49e-ac74a060be02,ruth_begum,fugit_nisi_eius,center_2,983a3902-26da-4f2e-ba32-d98935a979d6
297,Dr. Lesley Howells,1be66ee8-4a45-46c6-804c-04959b0a8dff,lesley_howells,explicabo_necessitatibus_incidunt,center_3,1a82f7ad-7d57-44f2-9d93-c336c7e69fa3
298,Dr. Jacqueline Coles,2c07932a-d598-499b-b372-46a2b2c43261,jacqueline_coles,in_fuga_dolor,center_3,1a82f7ad-7d57-44f2-9d93-c336c7e69fa3
299,Dr. Christian Mitchell,c4df781d-46a8-43fe-b75b-c7e3c6f5fd66,christian_mitchell,eligendi_adipisci_fugiat,center_0,1b44d92d-3a01-426e-ad7a-b37928531e1a
300,Dr. Julian Gould,30fdf6ec-fe5e-4087-a9d5-1468a8921086,julian_gould,praesentium_labore_dolorum,center_2,983a3902-26da-4f2e-ba32-d98935a979d6
301,Dr. Ashley Powell,d4e41638-62d8-4ef3-966a-3869d5d720a2,ashley_powell,similique_ratione_porro,center_4,679aaddd-312f-4b4e-8cac-53e5ae283a95
302,Dr. Vincent Little,d445dc3b-81d3-47f1-a4fd-99789672578d,vincent_little,nihil_assumenda_est,center_5,bf3b9c65-6740-413d-bdc6-fc63b0f315b5
303,Dr. Shane Barker,19466a82-d7b2-476d-8cd0-27d004dcd21c,shane_barker,libero_odit_modi,center_4,679aaddd-312f-4b4e-8cac-53e5ae283a95
304,Dr. Frank Miller,2e141028-0dea-4b03-acdf-377fc5228d13,frank_miller,atque_perspiciatis_voluptas,center_3,1a82f7ad-7d57-44f2-9d93-c336c7e69fa3
305,Dr. Nicola Jones,e1b210e5-30d3-45c8-a1f5-f9f1fc8f51f2,nicola_jones,provident_reprehenderit_fuga,center_4,679aaddd-312f-4b4e-8cac-53e5ae283a95
306,Dr. Jenna Lowe,2ee24fa8-b848-46c9-af24-608c3f783a65,jenna_lowe,cupiditate_quia_consectetur,center_7,bc209889-d794-4d4d-a221-5a60d9c3f8db
307,Dr. Alexandra Chapman,ce4093f6-7bf2-4375-97f2-1f1f5e0b7d88,alexandra_chapman,laborum_expedita_corrupti,center_7,bc209889-d794-4d4d-a221-5a60d9c3f8db
308,Dr. Amy Anderson,1676b283-a426-4efd-9182-03314be07b48,amy_anderson,corrupti_inventore_optio,center_5,bf3b9c65-6740-413d-bdc6-fc63b0f315b5
309,Dr. Dominic Collins,d1e63110-bd6f-400c-bedd-d4c6b2021b7e,dominic_collins,modi_assumenda_eligendi,center_8,fb796cf7-279b-46db-8c91-3acc37b7de40
310,Dr. Diane West,0fa0cf3c-bb57-4e5e-97db-23d767952770,diane_west,tempore_ratione_voluptatem,center_5,bf3b9c65-6740-413d-bdc6-fc63b0f315b5
311,Dr. Samuel Elliott,21d968ee-27ae-469f-ab46-3c86b01cf2d9,samuel_elliott,dolor_aspernatur_nulla,center_5,bf3b9c65-6740-413d-bdc6-fc63b0f315b5
312,Dr. Charles Brown,f61335b9-5bef-458a-83af-893750424720,charles_brown,molestiae_officia_culpa,center_7,bc209889-d794-4d4d-a221-5a60d9c3f8db
313,Dr. Peter White,348ced1f-3191-40a2-b631-5493f21348ed,peter_white,totam_ullam_esse,center_9,091f0e81-2892-42e7-975d-b2b82aebb4b3
314,Dr. Damien Poole,29c5dbd5-d7c7-46b5-ab53-239adda9e551,damien_poole,molestias_porro_incidunt,center_0,1b44d92d-3a01-426e-ad7a-b37928531e1a
315,Dr. Hazel Quinn,1742f34e-2b1c-4d13-ae55-802cd71fe2c3,hazel_quinn,tenetur_voluptates_vitae,center_9,091f0e81-2892-42e7-975d-b2b82aebb4b3
316,Dr. Denis Cross,db60db5c-eec4-4be5-9355-9d6f6b35ec45,denis_cross,ipsam_aperiam_architecto,center_0,1b44d92d-3a01-426e-ad7a-b37928531e1a
317,Dr. Guy Smith,49998efb-201e-41dc-bd3c-5536a6b98b71,guy_smith,dignissimos_modi_aliquid,center_0,1b44d92d-3a01-426e-ad7a-b37928531e1a
318,Dr. Phillip Walker,30703d3d-f986-44a2-aeca-43b1463fd534,phillip_walker,id_reiciendis_in,center_2,983a3902-26da-4f2e-ba32-d98935a979d6
319,Dr. Mohammed Sutton,61687fea-cde4-4736-91c1-44a47a0e58b4,mohammed_sutton,exercitationem_repellendus_itaque,center_2,983a3902-26da-4f2e-ba32-d98935a979d6
320,Dr. Janice Marshall,af002739-7a26-4061-bc32-ae78e457f394,janice_marshall,iste_quibusdam_nostrum,center_8,fb796cf7-279b-46db-8c91-3acc37b7de40
321,Dr. Glenn White,3cbc5c0d-b006-41f5-981d-362ec5b28977,glenn_white,minima_adipisci_dolorem,center_9,091f0e81-2892-42e7-975d-b2b82aebb4b3
322,Dr. Julie Burke,d8c829aa-f4fc-48d6-8b85-52258862075c,julie_burke,reprehenderit_voluptatibus_tempora,center_9,091f0e81-2892-42e7-975d-b2b82aebb4b3
323,Dr. Naomi Doyle,7f52daad-af05-4464-9c98-edcc51893338,naomi_doyle,aliquam_aspernatur_facilis,center_8,fb796cf7-279b-46db-8c91-3acc37b7de40
324,Dr. Stephanie Robson,e14d9770-8bb3-474e-a082-e55869a5d4a4,stephanie_robson,blanditiis_illum_ex,center_4,679aaddd-312f-4b4e-8cac-53e5ae283a95
325,Dr. Sylvia Brown,b9afde0e-9bbd-42bc-aa30-ce7c7cf57f6e,sylvia_brown,placeat_exercitationem_praesentium,center_0,1b44d92d-3a01-426e-ad7a-b37928531e1a
326,Dr. Robert Thomas,4a990598-1ad2-4b0c-9d5f-86bae91e0764,robert_thomas,quaerat_saepe_ratione,center_5,bf3b9c65-6740-413d-bdc6-fc63b0f315b5
327,Dr. Sophie Kemp,534f14c4-bb40-4561-9d48-3aef660a68b6,sophie_kemp,voluptatum_nesciunt_commodi,center_5,bf3b9c65-6740-413d-bdc6-fc63b0f315b5
328,Dr. Hilary Bentley,0fbe73e7-f1e6-4784-98a6-4bd891699dae,hilary_bentley,deleniti_natus_deserunt,center_2,983a3902-26da-4f2e-ba32-d98935a979d6
329,Dr. Sally Brady,0b7bd425-bf14-4033-a127-508030ce477f,sally_brady,corporis_odio_quae,center_3,1a82f7ad-7d57-44f2-9d93-c336c7e69fa3
330,Dr. Marion Middleton,1c26b6e1-82f6-418a-838c-08306408610b,marion_middleton,veritatis_tempora_dolores,center_0,1b44d92d-3a01-426e-ad7a-b37928531e1a
331,Dr. Martyn Mitchell,b7d215d9-0081-483f-ac69-973a963ba243,martyn_mitchell,odit_tempora_nemo,center_9,091f0e81-2892-42e7-975d-b2b82aebb4b3
332,Dr. Gregory Thompson,77eeb861-2a0f-4311-b748-24ea70e6b3fd,gregory_thompson,ullam_officia_omnis,center_3,1a82f7ad-7d57-44f2-9d93-c336c7e69fa3
333,Dr. Kerry West,d057db78-c741-4f62-a90a-da26416aba56,kerry_west,a_totam_perferendis,center_1,3a9c45a5-5eeb-4e16-befe-a36fa17e8520
334,Dr. James Thomson,56abc617-bc4d-491d-89a7-626f6c1f6bd4,james_thomson,adipisci_illum_minus,center_4,679aaddd-312f-4b4e-8cac-53e5ae283a95
335,Dr. Grace Chapman,058a09cf-cd5b-4477-bfc1-b75b05d0ee4d,grace_chapman,molestiae_libero_nemo,center_5,bf3b9c65-6740-413d-bdc6-fc63b0f315b5
336,Dr. Kimberley Porter,e5de4f56-63ff-4280-9db0-ded20256c263,kimberley_porter,possimus_eligendi_unde,center_7,bc209889-d794-4d4d-a221-5a60d9c3f8db
337,Dr. Danielle Glover,a1d01678-674e-4d36-a3d7-a843f54d3a2e,danielle_glover,voluptatibus_accusantium_suscipit,center_0,1b44d92d-3a01-426e-ad7a-b37928531e1a
338,Dr. Emily Phillips,c458156a-13c9-4201-8131-eb9f1f210ea2,emily_phillips,consequatur_sed_quidem,center_2,983a3902-26da-4f2e-ba32-d98935a979d6
339,Dr. Benjamin Freeman,a33e83ce-0955-43c1-8e8d-89aa23ec267a,benjamin_freeman,minus_similique_error,center_0,1b44d92d-3a01-426e-ad7a-b37928531e1a
340,Dr. Zoe Morton,c675a785-0af0-4cdd-8f93-cb5d03bbbed8,zoe_morton,maiores_minus_at,center_9,091f0e81-2892-42e7-975d-b2b82aebb4b3
341,Dr. Rachel Howard,149eda7f-dc30-474b-afe3-437c77196b1a,rachel_howard,totam_commodi_earum,center_0,1b44d92d-3a01-426e-ad7a-b37928531e1a
342,Dr. Lauren Taylor,e176a243-582e-4f0f-a78a-51fe936bd0e2,lauren_taylor,iure_possimus_non,center_2,983a3902-26da-4f2e-ba32-d98935a979d6
343,Dr. William Goodwin,79663118-c2d4-4210-b375-c3b53137e0bb,william_goodwin,praesentium_minus_nesciunt,center_2,983a3902-26da-4f2e-ba32-d98935a979d6
344,Dr. Patrick Taylor,5b1c4fcf-ecb9-4bdc-9e1a-ffaef6df8ce1,patrick_taylor,sed_quaerat_mollitia,center_0,1b44d92d-3a01-426e-ad7a-b37928531e1a
345,Dr. David Lewis,4f33e81d-4afd-43f3-a6a7-e534eb0d6972,david_lewis,qui_nisi_architecto,center_6,28425030-5bbc-471c-9f62-b6d3c2ec0b79
346,Dr. Stephanie Hughes,05caf81f-ff1e-454b-b050-80095af8dd92,stephanie_hughes,atque_debitis_fugiat,center_2,983a3902-26da-4f2e-ba32-d98935a979d6
347,Dr. Richard Jones,3c0b835d-bb16-4777-8dfe-b3fcbd023049,richard_jones,aperiam_atque_tenetur,center_6,28425030-5bbc-471c-9f62-b6d3c2ec0b79
348,Dr. Frank Taylor,7878b924-4c02-4bd0-9113-c1f91b581494,frank_taylor,amet_laborum_voluptate,center_5,bf3b9c65-6740-413d-bdc6-fc63b0f315b5
349,Dr. Ashleigh Lane,94c083f2-f633-4453-822c-fbc615f8776c,ashleigh_lane,libero_deleniti_aperiam,center_6,28425030-5bbc-471c-9f62-b6d3c2ec0b79
350,Dr. Adam McLean,9d4ee4fa-7b79-4ec1-ac3d-f63c2f242fcd,adam_mclean,aspernatur_tempora_corrupti,center_0,1b44d92d-3a01-426e-ad7a-b37928531e1a
351,Dr. Carol Martin,707ed6e1-7e93-42bd-a5a2-238f71a137a2,carol_martin,impedit_minus_quos,center_8,fb796cf7-279b-46db-8c91-3acc37b7de40
352,Dr. Billy Peters,350d7bd9-4fc4-43c7-8623-28119d3629aa,billy_peters,illo_ut_assumenda,center_5,bf3b9c65-6740-413d-bdc6-fc63b0f315b5
353,Dr. Yvonne Bell,e92242ae-89c0-4f20-a402-84fc2bfda1b1,yvonne_bell,dolores_porro_tempore,center_5,bf3b9c65-6740-413d-bdc6-fc63b0f315b5
354,Dr. Geoffrey Matthews,8a8f0bd7-ef87-4d1a-85b0-475a0b7c26a8,geoffrey_matthews,voluptatum_optio_aut,center_6,28425030-5bbc-471c-9f62-b6d3c2ec0b79
355,Dr. Sheila Wilkinson,e7eebd5f-178d-4ec9-98c3-bf083f0c888f,sheila_wilkinson,cupiditate_temporibus_debitis,center_3,1a82f7ad-7d57-44f2-9d93-c336c7e69fa3
356,Dr. Edward Hicks,97974966-e4e0-4b87-89de-29510cd9739d,edward_hicks,est_perferendis_adipisci,center_0,1b44d92d-3a01-426e-ad7a-b37928531e1a
357,Dr. Francis Reed,1be5730d-0055-4bdc-a926-063c8d23e16d,francis_reed,ut_ab_voluptatum,center_8,fb796cf7-279b-46db-8c91-3acc37b7de40
358,Dr. Mathew John,3247ac8f-7947-4922-9a1e-8408821f27e2,mathew_john,facilis_aperiam_aperiam,center_3,1a82f7ad-7d57-44f2-9d93-c336c7e69fa3
359,Dr. Kathryn Storey,83ab2607-f732-4734-8213-3b6c4e26b2e7,kathryn_storey,asperiores_accusamus_deleniti,center_9,091f0e81-2892-42e7-975d-b2b82aebb4b3
360,Dr. James Jones,f9a650e5-64a5-4071-96bc-38dbb6471d5a,james_jones,voluptate_consequatur_nulla,center_9,091f0e81-2892-42e7-975d-b2b82aebb4b3
361,Dr. Barry Ford,11eb851a-98ab-45b7-b4a5-42e586a2c86e,barry_ford,nisi_quibusdam_modi,center_6,28425030-5bbc-471c-9f62-b6d3c2ec0b79
362,Dr. Hannah Cooper,6a171d66-0b20-46b9-9a7e-a807c4cc9c10,hannah_cooper,animi_repellat_maxime,center_0,1b44d92d-3a01-426e-ad7a-b37928531e1a
363,Dr. Philip Franklin,d08e19fe-c7db-4461-afb1-27fcc69100b8,philip_franklin,labore_deleniti_reiciendis,center_2,983a3902-26da-4f2e-ba32-d98935a979d6
364,Dr. Vincent Harris,f54481fa-68e4-490e-86a1-01c1cff27565,vincent_harris,temporibus_tenetur_dolor,center_8,fb796cf7-279b-46db-8c91-3acc37b7de40
365,Dr. Laura Robinson,56efa0d3-2572-4604-a8d7-084272578e3f,laura_robinson,deleniti_ratione_accusamus,center_0,1b44d92d-3a01-426e-ad7a-b37928531e1a
366,Dr. Melissa Ashton,43038583-57df-4fa3-bd07-dad1b7a81c39,melissa_ashton,vitae_debitis_cumque,center_5,bf3b9c65-6740-413d-bdc6-fc63b0f315b5
367,Dr. Sharon King,8921d3f1-7cdb-4f59-9572-50a10195a79d,sharon_king,tempora_at_eum,center_4,679aaddd-312f-4b4e-8cac-53e5ae283a95
368,Dr. Patrick Lewis,047c55a0-6c26-4943-86c6-318ed09cf33e,patrick_lewis,maxime_molestiae_praesentium,center_7,bc209889-d794-4d4d-a221-5a60d9c3f8db
369,Dr. Declan Price,f5e795f9-b002-4d3a-8c80-a8cca16c5fbc,declan_price,aut_illo_placeat,center_0,1b44d92d-3a01-426e-ad7a-b37928531e1a
370,Dr. William Smith,f3824af5-96d8-40ea-bb7a-8d6375d1d424,william_smith,molestias_earum_quam,center_6,28425030-5bbc-471c-9f62-b6d3c2ec0b79
371,Dr. Brian Joyce,e84589a3-6ebf-4a2d-bb7c-c6385c0bb360,brian_joyce,veritatis_commodi_ex,center_3,1a82f7ad-7d57-44f2-9d93-c336c7e69fa3
372,Dr. Lauren Coleman,8ae398ac-c2cd-4a71-8a05-820d7a15dc18,lauren_coleman,totam_quisquam_expedita,center_6,28425030-5bbc-471c-9f62-b6d3c2ec0b79
373,Dr. Georgia Wilson,ead53770-58b3-4ab9-822d-ce9089ccbd95,georgia_wilson,expedita_ullam_repellat,center_4,679aaddd-312f-4b4e-8cac-53e5ae283a95
374,Dr. Clifford Goddard,8f54bc0e-1902-41c5-8922-09f6ccf83873,clifford_goddard,iure_totam_id,center_2,983a3902-26da-4f2e-ba32-d98935a979d6
375,Dr. Caroline Herbert,c0717355-725d-459e-af52-16f46fc25484,caroline_herbert,sit_veritatis_maxime,center_1,3a9c45a5-5eeb-4e16-befe-a36fa17e8520
376,Dr. Arthur Bell,e80e6a4d-81cd-4f31-a19e-24fdaa9e9a02,arthur_bell,eos_repellendus_qui,center_5,bf3b9c65-6740-413d-bdc6-fc63b0f315b5
377,Dr. Kerry Smith,0e806aed-ae41-4aa3-a53c-15eae6ecf653,kerry_smith,aspernatur_voluptas_harum,center_6,28425030-5bbc-471c-9f62-b6d3c2ec0b79
378,Dr. Kieran Allen,22691beb-6ee5-413c-b12a-17ac29c69a38,kieran_allen,amet_odit_autem,center_0,1b44d92d-3a01-426e-ad7a-b37928531e1a
379,Dr. Nicole Newman,b62c26e9-3612-46e0-8faf-f075f80d72ea,nicole_newman,distinctio_saepe_deleniti,center_1,3a9c45a5-5eeb-4e16-befe-a36fa17e8520
380,Dr. Duncan Owen,00f4fa83-d6be-4e7f-ab68-1256d1dd93f3,duncan_owen,molestias_eos_porro,center_4,679aaddd-312f-4b4e-8cac-53e5ae283a95
381,Dr. Sheila Poole,c95349ce-1a5e-4369-8040-49390d693dcf,sheila_poole,sequi_exercitationem_repudiandae,center_8,fb796cf7-279b-46db-8c91-3acc37b7de40
382,Dr. Katherine Allen,d4256dc5-4d8f-43c2-ba64-0838455d7234,katherine_allen,magnam_esse_iure,center_1,3a9c45a5-5eeb-4e16-befe-a36fa17e8520
383,Dr. Eleanor Roberts,93ee0c35-564a-42af-8aaa-b2008ddbf01b,eleanor_roberts,quam_adipisci_animi,center_1,3a9c45a5-5eeb-4e16-befe-a36fa17e8520
384,Dr. Martyn Shaw,94942916-a380-4f5a-99fd-bec598081489,martyn_shaw,sequi_recusandae_quae,center_4,679aaddd-312f-4b4e-8cac-53e5ae283a95
385,Dr. Lauren Nicholls,5ceeec57-07af-443b-b4e7-2ea85ec3c5d4,lauren_nicholls,harum_incidunt_fugit,center_4,679aaddd-312f-4b4e-8cac-53e5ae283a95
386,Dr. Susan Hart,e65c49c4-5960-424d-8dfa-d6c32a3a7244,susan_hart,quos_possimus_iure,center_4,679aaddd-312f-4b4e-8cac-53e5ae283a95
387,Dr. Hollie Pugh,dc5c96e0-79ef-410a-9525-070feb3b9141,hollie_pugh,quasi_sed_soluta,center_7,bc209889-d794-4d4d-a221-5a60d9c3f8db
388,Dr. Cameron Arnold,c24a1cbf-bebf-422a-b756-e375df0a9838,cameron_arnold,beatae_ullam_eveniet,center_3,1a82f7ad-7d57-44f2-9d93-c336c7e69fa3
389,Dr. Maurice Evans,700d75df-7153-43fd-8d78-908dff610999,maurice_evans,voluptate_itaque_atque,center_8,fb796cf7-279b-46db-8c91-3acc37b7de40
390,Dr. Thomas Edwards,1be9c155-47d7-436b-999c-9e49b1e0d8cb,thomas_edwards,incidunt_enim_explicabo,center_6,28425030-5bbc-471c-9f62-b6d3c2ec0b79
391,Dr. Gareth West,1c707f36-41a7-4c7d-8ceb-f8d83ed1c40f,gareth_west,odio_sit_suscipit,center_1,3a9c45a5-5eeb-4e16-befe-a36fa17e8520
392,Dr. Marie Giles,323f688c-5feb-4f91-81bf-d55d3e0e0d6e,marie_giles,blanditiis_alias_repellendus,center_6,28425030-5bbc-471c-9f62-b6d3c2ec0b79
393,Dr. Douglas Martin,3ef6550e-51eb-44b6-aad3-58184792b3d5,douglas_martin,perferendis_aspernatur_saepe,center_4,679aaddd-312f-4b4e-8cac-53e5ae283a95
394,Dr. Graham Thomas,47270e39-c554-4ce9-b19b-0ae0f033371e,graham_thomas,molestiae_hic_cupiditate,center_2,983a3902-26da-4f2e-ba32-d98935a979d6
395,Dr. Abbie Parker,5280fe88-7784-442f-84ec-f39e004b5a13,abbie_parker,ratione_laborum_facere,center_4,679aaddd-312f-4b4e-8cac-53e5ae283a95
396,Dr. Luke Smith,50b95e89-d756-4778-8a64-8c2d98a20475,luke_smith,quia_voluptatum_reiciendis,center_3,1a82f7ad-7d57-44f2-9d93-c336c7e69fa3
397,Dr. Ann Ward,4dcfe931-e0ce-4750-8a58-d41c0eba1350,ann_ward,velit_pariatur_ab,center_5,bf3b9c65-6740-413d-bdc6-fc63b0f315b5
398,Dr. Suzanne Stone,5c3f3a5d-4f08-4c47-8907-7839798d62e2,suzanne_stone,mollitia_blanditiis_porro,center_1,3a9c45a5-5eeb-4e16-befe-a36fa17e8520
399,Dr. Katherine North,aadd4a0c-a469-47a5-a3c0-d28334159a3d,katherine_north,ipsum_provident_sint,center_6,28425030-5bbc-471c-9f62-b6d3c2ec0b79
400,Dr. Jean Campbell,6d38c1ed-63e5-4e0e-857c-2ecf1b29bb84,jean_campbell,quod_numquam_delectus,center_0,1b44d92d-3a01-426e-ad7a-b37928531e1a
401,Dr. Katie Newton,53470d3e-a535-4048-8b6b-f4e98832a0fa,katie_newton,rerum_dolor_deleniti,center_4,679aaddd-312f-4b4e-8cac-53e5ae283a95
402,Dr. George Reed,5d16caa3-9d64-413a-ba00-b9fa876b9910,george_reed,libero_odio_itaque,center_8,fb796cf7-279b-46db-8c91-3acc37b7de40
403,Dr. Alexander Powell,afe450fe-e6f8-47ac-8ca9-eb9be1d9d047,alexander_powell,quaerat_inventore_a,center_4,679aaddd-312f-4b4e-8cac-53e5ae283a95
404,Dr. Bruce Carr,dc011fb3-6cab-4b7c-bcfd-644850e5d1ce,bruce_carr,nihil_repudiandae_reiciendis,center_6,28425030-5bbc-471c-9f62-b6d3c2ec0b79
405,Dr. Eleanor Richards,6f4e74a5-356a-4a32-9733-f053861c8ae0,eleanor_richards,quaerat_illum_officia,center_2,983a3902-26da-4f2e-ba32-d98935a979d6
406,Dr. Stanley Walker,9e1e2e10-f04c-4fc5-9c2b-255528d9c269,stanley_walker,voluptatem_odio_molestiae,center_1,3a9c45a5-5eeb-4e16-befe-a36fa17e8520
407,Dr. Sarah Watson,d1cdf618-2503-4612-bee0-c353a219a960,sarah_watson,unde_provident_commodi,center_7,bc209889-d794-4d4d-a221-5a60d9c3f8db
408,Dr. Anna North,e41abd42-4bbc-4cf5-87b8-b2e498223483,anna_north,ratione_soluta_nulla,center_4,679aaddd-312f-4b4e-8cac-53e5ae283a95
409,Dr. Amanda Davies,82b9df1e-2bb3-4b7d-ac8e-9d21a13c793f,amanda_davies,qui_nemo_aut,center_5,bf3b9c65-6740-413d-bdc6-fc63b0f315b5
410,Dr. Rachael Berry,122df98a-db66-4004-8293-77e483b6c398,rachael_berry,accusantium_provident_earum,center_1,3a9c45a5-5eeb-4e16-befe-a36fa17e8520
411,Dr. Nathan Turner,83ee3072-0f61-4434-94d8-d84d86124a76,nathan_turner,labore_repudiandae_mollitia,center_7,bc209889-d794-4d4d-a221-5a60d9c3f8db
412,Dr. Julia Parkinson,3c350b95-fa26-4e70-a5e8-a0f1be3369bf,julia_parkinson,magnam_deleniti_qui,center_0,1b44d92d-3a01-426e-ad7a-b37928531e1a
413,Dr. Julian Brown,07a3c7cf-2376-43b6-a10e-3e5ee256c6e1,julian_brown,perspiciatis_doloribus_earum,center_5,bf3b9c65-6740-413d-bdc6-fc63b0f315b5
414,Dr. Barry Jones,98cdafa2-4de9-4c46-a4b1-bf81bd5a14d4,barry_jones,non_dolorum_iste,center_6,28425030-5bbc-471c-9f62-b6d3c2ec0b79
415,Dr. Trevor Wilson,21a5e7ba-2346-4a2a-ac5b-aa96c65350fa,trevor_wilson,dolores_perferendis_reprehenderit,center_7,bc209889-d794-4d4d-a221-5a60d9c3f8db
416,Dr. Danny Jones,199f0818-d824-4c17-a6df-527716ac8dd4,danny_jones,sit_delectus_quae,center_0,1b44d92d-3a01-426e-ad7a-b37928531e1a
417,Dr. Christine Connor,1ccbe50f-efe7-48ad-ad4d-62ccc0451fd6,christine_connor,praesentium_eum_consequatur,center_9,091f0e81-2892-42e7-975d-b2b82aebb4b3
418,Dr. Amelia Cook,1d540608-737f-48ad-9e70-fde828579c7f,amelia_cook,consequatur_magni_architecto,center_6,28425030-5bbc-471c-9f62-b6d3c2ec0b79
419,Dr. Carl Bennett,6e99abda-67ac-4cc7-a912-12e0836e2ef2,carl_bennett,earum_assumenda_distinctio,center_0,1b44d92d-3a01-426e-ad7a-b37928531e1a
420,Dr. Jonathan Thompson,7e29c76b-7e16-4e97-b122-be86f9003bb4,jonathan_thompson,possimus_pariatur_asperiores,center_9,091f0e81-2892-42e7-975d-b2b82aebb4b3
421,Dr. Alexandra Wallace,8a834881-029e-4222-a2aa-b1cc70af0eb5,alexandra_wallace,animi_illum_pariatur,center_1,3a9c45a5-5eeb-4e16-befe-a36fa17e8520
422,Dr. Jodie Cox,eed60698-27d3-49d7-9dc7-79d9dc1ec119,jodie_cox,incidunt_voluptates_eos,center_2,983a3902-26da-4f2e-ba32-d98935a979d6
423,Dr. Jane Swift,11eb1f0d-3a2a-4bf0-8561-5dfcd570dfe7,jane_swift,fugiat_ipsa_reiciendis,center_1,3a9c45a5-5eeb-4e16-befe-a36fa17e8520
424,Dr. Roger Parkes,c4224ec2-8236-44f1-ac3f-ff8bbb28dcbc,roger_parkes,libero_incidunt_ipsum,center_4,679aaddd-312f-4b4e-8cac-53e5ae283a95
425,Dr. Tom Williams,2435876c-5afe-4c47-a942-2b9332b38e3e,tom_williams,quas_recusandae_beatae,center_8,fb796cf7-279b-46db-8c91-3acc37b7de40
426,Dr. Alexander Hamilton,a87b65d6-7327-4247-94f3-c42b0eb0ee82,alexander_hamilton,assumenda_magnam_itaque,center_5,bf3b9c65-6740-413d-bdc6-fc63b0f315b5
427,Dr. Lawrence Jones,8b884ad5-7e5b-47fe-9ad7-e9e89fe39bfd,lawrence_jones,expedita_eum_quasi,center_9,091f0e81-2892-42e7-975d-b2b82aebb4b3
428,Dr. Suzanne Webb,84f8c401-97da-4366-b80d-04029a89aa0b,suzanne_webb,occaecati_maxime_deserunt,center_7,bc209889-d794-4d4d-a221-5a60d9c3f8db
429,Dr. Daniel Anderson,a18213af-9b75-4fc8-80d8-98da47bda032,daniel_anderson,incidunt_optio_dolorum,center_9,091f0e81-2892-42e7-975d-b2b82aebb4b3
430,Dr. Julie Wilson,61b88881-2587-46a7-948c-329c4c512d3a,julie_wilson,impedit_perferendis_tempore,center_7,bc209889-d794-4d4d-a221-5a60d9c3f8db
431,Dr. Leah Rogers,49b6a5df-0bcd-46a0-b8f2-d1a239346237,leah_rogers,quas_voluptates_modi,center_6,28425030-5bbc-471c-9f62-b6d3c2ec0b79
432,Dr. Gillian Williamson,ef774b01-0181-4e29-89ee-cdaa89775588,gillian_williamson,quibusdam_consectetur_nihil,center_5,bf3b9c65-6740-413d-bdc6-fc63b0f315b5
433,Dr. Raymond Ellis,a7675e1d-dbf7-430e-845c-4721da065791,raymond_ellis,sint_perferendis_culpa,center_5,bf3b9c65-6740-413d-bdc6-fc63b0f315b5
434,Dr. Joshua Thompson,78b4380c-bd33-45a2-9bac-dcf9f378d463,joshua_thompson,quibusdam_nisi_ad,center_4,679aaddd-312f-4b4e-8cac-53e5ae283a95
435,Dr. Tracey Frost,74121d6a-6aa9-410c-b8fb-78cf0495bcb6,tracey_frost,in_magni_delectus,center_1,3a9c45a5-5eeb-4e16-befe-a36fa17e8520
436,Dr. Mark Scott,ba360502-5194-4a96-8a3a-01264877c892,mark_scott,aliquam_rerum_id,center_0,1b44d92d-3a01-426e-ad7a-b37928531e1a
437,Dr. Brandon Lyons,603a23fc-a0a3-4c82-8519-805dc5aac662,brandon_lyons,neque_officia_necessitatibus,center_7,bc209889-d794-4d4d-a221-5a60d9c3f8db
438,Dr. Alex Roberts,e7ad882c-0a7b-4701-b42d-83b495906e5e,alex_roberts,voluptatem_numquam_nostrum,center_9,091f0e81-2892-42e7-975d-b2b82aebb4b3
439,Dr. Pamela Gough,73875bc8-8cc8-4baf-bef6-d4446a2999eb,pamela_gough,nesciunt_est_praesentium,center_5,bf3b9c65-6740-413d-bdc6-fc63b0f315b5
440,Dr. Jane Gardner,2939f204-981b-4819-9eb1-0d8ce9cb969f,jane_gardner,esse_commodi_laboriosam,center_8,fb796cf7-279b-46db-8c91-3acc37b7de40
441,Dr. Jade Stevenson,a7fdfbcd-cee5-424b-9865-7e5077b2e3b6,jade_stevenson,est_illum_repellendus,center_2,983a3902-26da-4f2e-ba32-d98935a979d6
442,Dr. Hilary Taylor,49e542ab-92ae-4bca-86f7-72cd502c034f,hilary_taylor,corporis_quisquam_quisquam,center_3,1a82f7ad-7d57-44f2-9d93-c336c7e69fa3
443,Dr. Anna Evans,634f5c0d-7d83-45c9-b3a8-4db3f092b789,anna_evans,voluptatem_voluptatum_facere,center_4,679aaddd-312f-4b4e-8cac-53e5ae283a95
444,Dr. Georgia Young,176ed61d-e92a-4ab2-b7b4-bfd6142acc85,georgia_young,praesentium_fugiat_maiores,center_0,1b44d92d-3a01-426e-ad7a-b37928531e1a
445,Dr. Neil Singh,136f595f-d383-4c0f-8c69-c4ddd0eb9137,neil_singh,veniam_labore_ullam,center_1,3a9c45a5-5eeb-4e16-befe-a36fa17e8520
446,Dr. John Robson,6f29d89f-66b7-49b4-bceb-42319e234a22,john_robson,sapiente_exercitationem_ab,center_5,bf3b9c65-6740-413d-bdc6-fc63b0f315b5
447,Dr. Emily Smith,e39da4e3-f53c-4e5b-9ec0-cf7d5e94a035,emily_smith,corporis_quasi_tempora,center_7,bc209889-d794-4d4d-a221-5a60d9c3f8db
448,Dr. Vanessa Gough,43c39373-4a41-45bb-a55f-fb943ec5d81f,vanessa_gough,est_nulla_maxime,center_7,bc209889-d794-4d4d-a221-5a60d9c3f8db
449,Dr. Clifford King,9fa047e6-a5cd-46b8-8719-65340c0999c1,clifford_king,labore_cupiditate_porro,center_8,fb796cf7-279b-46db-8c91-3acc37b7de40
450,Dr. Ruth Slater,4fbffd22-9a2b-4618-a319-9fb18da56ba0,ruth_slater,accusantium_ab_repellat,center_7,bc209889-d794-4d4d-a221-5a60d9c3f8db
451,Dr. Katherine Kennedy,ac4955e2-db0a-45d4-b3f1-da0bcce24b65,katherine_kennedy,quos_possimus_necessitatibus,center_5,bf3b9c65-6740-413d-bdc6-fc63b0f315b5
452,Dr. Dean Ward,bb7f1b3f-b074-451b-a63d-e722bdc4948d,dean_ward,tempore_exercitationem_aut,center_8,fb796cf7-279b-46db-8c91-3acc37b7de40
453,Dr. Callum Bailey,376155b2-3b9a-405c-bf1e-e87818a3daf8,callum_bailey,cumque_reiciendis_occaecati,center_2,983a3902-26da-4f2e-ba32-d98935a979d6
454,Dr. Shane Morris,e166bdd8-e4f2-41ab-b8a3-d278dfd7c463,shane_morris,aliquam_corporis_amet,center_1,3a9c45a5-5eeb-4e16-befe-a36fa17e8520
455,Dr. Arthur Tucker,2b78459f-a415-4510-acd0-a61852efdce5,arthur_tucker,molestias_atque_quia,center_7,bc209889-d794-4d4d-a221-5a60d9c3f8db
456,Dr. George Richardson,f4400406-a785-4368-a934-fbdc8713ee9b,george_richardson,magni_repudiandae_corporis,center_8,fb796cf7-279b-46db-8c91-3acc37b7de40
457,Dr. Ellie Bailey,4f6439da-a63d-4d18-bbb8-838779e499cd,ellie_bailey,cum_blanditiis_deserunt,center_4,679aaddd-312f-4b4e-8cac-53e5ae283a95
458,Dr. Graeme Wilkinson,381d6877-bf98-43ee-b837-ebfa1ddf48d5,graeme_wilkinson,debitis_recusandae_qui,center_0,1b44d92d-3a01-426e-ad7a-b37928531e1a
459,Dr. Katie Iqbal,03eb7f59-6d5f-4c43-a6a3-076a6c8de851,katie_iqbal,sequi_labore_quod,center_9,091f0e81-2892-42e7-975d-b2b82aebb4b3
460,Dr. Sam Wood,7b148e26-0273-4d8f-a934-da5e631e6ea5,sam_wood,sint_alias_praesentium,center_5,bf3b9c65-6740-413d-bdc6-fc63b0f315b5
461,Dr. Gerard Evans,6ff9647d-3bb3-4296-9dd2-a04f00c63f1c,gerard_evans,asperiores_vitae_praesentium,center_7,bc209889-d794-4d4d-a221-5a60d9c3f8db
462,Dr. Adam Wells,8a95893a-c373-4093-b5e1-1ca1f4cff9a6,adam_wells,repellat_aut_nesciunt,center_5,bf3b9c65-6740-413d-bdc6-fc63b0f315b5
463,Dr. Jayne Bailey,a273270a-11c0-4545-9836-c0e4331373d5,jayne_bailey,soluta_maxime_alias,center_3,1a82f7ad-7d57-44f2-9d93-c336c7e69fa3
464,Dr. Bethan Banks,941811e2-b06c-45c6-88af-51adb7fbce21,bethan_banks,quae_tempora_tempora,center_1,3a9c45a5-5eeb-4e16-befe-a36fa17e8520
465,Dr. Marilyn Moore,c2a60e4f-969d-477c-b2f7-3bb1d57dab23,marilyn_moore,est_ut_tempora,center_0,1b44d92d-3a01-426e-ad7a-b37928531e1a
466,Dr. Louis Bull,9457ab53-7288-4186-9d42-a7cc879d4db1,louis_bull,rem_facilis_totam,center_3,1a82f7ad-7d57-44f2-9d93-c336c7e69fa3
467,Dr. Carolyn Daly,74214fd7-98f3-4b22-83d4-cc7c3bb04d18,carolyn_daly,necessitatibus_libero_praesentium,center_8,fb796cf7-279b-46db-8c91-3acc37b7de40
468,Dr. Mark Harrison,f6a30fb3-5f3f-4866-8069-9792e56c71ed,mark_harrison,cum_aliquam_expedita,center_4,679aaddd-312f-4b4e-8cac-53e5ae283a95
469,Dr. Rosemary Price,d6722e53-0919-4269-932a-a6a23458c7ed,rosemary_price,rerum_aut_nesciunt,center_8,fb796cf7-279b-46db-8c91-3acc37b7de40
470,Dr. Timothy Barker,ab63d474-9a77-4dc6-939c-3b20a3be08ca,timothy_barker,doloribus_suscipit_deserunt,center_4,679aaddd-312f-4b4e-8cac-53e5ae283a95
471,Dr. Stephanie Norton,9188843d-8810-47f1-9165-56a6ba1b2ff0,stephanie_norton,unde_esse_quasi,center_2,983a3902-26da-4f2e-ba32-d98935a979d6
472,Dr. Kayleigh Jones,dab6ef82-2c3e-4bde-8bed-f6dc08df153e,kayleigh_jones,porro_ipsam_praesentium,center_6,28425030-5bbc-471c-9f62-b6d3c2ec0b79
473,Dr. Rosemary Long,4aa96be0-1c4e-4810-adae-923ad27ffd0f,rosemary_long,iste_eligendi_culpa,center_5,bf3b9c65-6740-413d-bdc6-fc63b0f315b5
474,Dr. Martyn Lewis,7e92df6b-3b06-46e9-93b6-3587c996bce3,martyn_lewis,ducimus_pariatur_excepturi,center_6,28425030-5bbc-471c-9f62-b6d3c2ec0b79
475,Dr. Lindsey Smart,73601f9f-c3cd-4789-a00a-4da66778a358,lindsey_smart,deserunt_dolores_nostrum,center_0,1b44d92d-3a01-426e-ad7a-b37928531e1a
476,Dr. Lindsey Hammond,77631f61-9b38-4cd3-956a-b86563378118,lindsey_hammond,voluptatum_delectus_qui,center_6,28425030-5bbc-471c-9f62-b6d3c2ec0b79
477,Dr. Gary Johnson,e3e33307-670a-488f-8d80-784ea08f93ad,gary_johnson,laudantium_debitis_aspernatur,center_1,3a9c45a5-5eeb-4e16-befe-a36fa17e8520
478,Dr. Dominic Martin,94a4b75f-90ec-4c74-aab0-6d8e0213a190,dominic_martin,qui_magnam_atque,center_5,bf3b9c65-6740-413d-bdc6-fc63b0f315b5
479,Dr. Tracy Carter,5551152d-dde8-4b1a-988a-561bd3f5cff8,tracy_carter,ea_ullam_dolor,center_9,091f0e81-2892-42e7-975d-b2b82aebb4b3
480,Dr. Laura Evans,9215b312-d240-49d6-a2b1-a1acca82d90f,laura_evans,dignissimos_fugit_explicabo,center_3,1a82f7ad-7d57-44f2-9d93-c336c7e69fa3
481,Dr. Sara Adams,1f858e76-6f73-44a0-a4fd-0fc2937be453,sara_adams,occaecati_excepturi_quibusdam,center_6,28425030-5bbc-471c-9f62-b6d3c2ec0b79
482,Dr. Megan Ali,806bb00e-b5c1-40fc-a313-c40a38714335,megan_ali,animi_odit_sed,center_4,679aaddd-312f-4b4e-8cac-53e5ae283a95
483,Dr. Craig King,a3968ac7-6245-42e6-876b-0781f24cccaf,craig_king,praesentium_facere_quidem,center_4,679aaddd-312f-4b4e-8cac-53e5ae283a95
484,Dr. Joan Hawkins,ace0b94e-d80c-464a-81d3-054d88e513b7,joan_hawkins,sapiente_eligendi_labore,center_2,983a3902-26da-4f2e-ba32-d98935a979d6
485,Dr. David Richardson,f583183e-5f2f-4b6d-983c-ed0b3789b7a3,david_richardson,natus_doloremque_ipsa,center_6,28425030-5bbc-471c-9f62-b6d3c2ec0b79
486,Dr. Rebecca Morton,e85fa8fe-033c-4d11-bad5-e267f276c191,rebecca_morton,dolores_quaerat_necessitatibus,center_3,1a82f7ad-7d57-44f2-9d93-c336c7e69fa3
487,Dr. Jack Sykes,95280acb-e1ad-456b-b3b6-156faedb784a,jack_sykes,architecto_autem_mollitia,center_5,bf3b9c65-6740-413d-bdc6-fc63b0f315b5
488,Dr. Sandra Butler,2a52fb45-e445-41c4-92f5-ebd2e1004682,sandra_butler,non_exercitationem_non,center_3,1a82f7ad-7d57-44f2-9d93-c336c7e69fa3
489,Dr. Lawrence Lewis,af1bea1a-ed66-4389-8490-0111e1010c2d,lawrence_lewis,distinctio_qui_expedita,center_0,1b44d92d-3a01-426e-ad7a-b37928531e1a
490,Dr. Carl James,5c461e13-36a7-4a43-a5e0-d13d69a34c34,carl_james,in_quisquam_facere,center_4,679aaddd-312f-4b4e-8cac-53e5ae283a95
491,Dr. Mitchell Marsh,610833d4-c6d7-494b-b79b-41ce580b8a64,mitchell_marsh,hic_molestias_minus,center_4,679aaddd-312f-4b4e-8cac-53e5ae283a95
492,Dr. Arthur Edwards,02ea90b8-dd08-4f10-b27d-099f041c8e43,arthur_edwards,labore_dolorum_recusandae,center_4,679aaddd-312f-4b4e-8cac-53e5ae283a95
493,Dr. Janet Gibson,75c543a1-4076-41dd-863a-35703383af87,janet_gibson,in_doloribus_eligendi,center_7,bc209889-d794-4d4d-a221-5a60d9c3f8db
494,Dr. Kieran Short,14018b3f-674f-4db4-9f54-2b26d6f0d24b,kieran_short,sapiente_tempora_vero,center_2,983a3902-26da-4f2e-ba32-d98935a979d6
495,Dr. Maria Wilkinson,0ac42a67-aba8-4e53-bc1f-6f7f04a289c4,maria_wilkinson,aperiam_similique_deleniti,center_1,3a9c45a5-5eeb-4e16-befe-a36fa17e8520
496,Dr. Mandy Barnett,456d5996-9c81-4307-bdf4-1ed9f2a6b658,mandy_barnett,sequi_maxime_odit,center_2,983a3902-26da-4f2e-ba32-d98935a979d6
497,Dr. Debra Turner,9aa3e634-8047-4864-946b-a01e271a01ee,debra_turner,voluptate_itaque_eaque,center_2,983a3902-26da-4f2e-ba32-d98935a979d6
498,Dr. Eric Jackson,bec0a32b-e049-4f36-9085-0e28d6893ee8,eric_jackson,nemo_libero_enim,center_7,bc209889-d794-4d4d-a221-5a60d9c3f8db
499,Dr. Mohammed Johnson,2a1bbacd-ed28-4538-a558-3b9480672367,mohammed_johnson,provident_modi_dolor,center_4,679aaddd-312f-4b4e-8cac-53e5ae283a95
